Open Time;Order;Symbol;Type;Volume;;Price;S / L;T / P;Time;;State;Comment;
2025.01.16 19:20:00;2;GOLD;buy;0.01 / 0.01;;0.00;2 682.39;2 767.39;2025.01.16 19:20:00;;filled;Grip;
2025.01.16 21:05:17;3;GOLD;buy;0.01 / 0.01;;0.00;2 677.42;2 762.42;2025.01.16 21:05:17;;filled;Grip;
2025.01.17 01:10:00;4;GOLD;buy;0.01 / 0.01;;0.00;2 675.24;2 760.24;2025.01.17 01:10:00;;filled;Grip;
2025.01.17 02:13:00;5;GOLD;buy;0.01 / 0.01;;0.00;2 674.94;2 759.94;2025.01.17 02:13:00;;filled;Grip;
2025.01.17 12:41:39;6;GOLD;sell;0.01 / 0.01;;0.00;;;2025.01.17 12:41:39;;filled;;
2025.01.17 12:41:40;7;GOLD;sell;0.01 / 0.01;;0.00;;;2025.01.17 12:41:40;;filled;;
2025.01.17 12:41:40;8;GOLD;sell;0.01 / 0.01;;0.00;;;2025.01.17 12:41:40;;filled;;
2025.01.17 12:41:40;9;GOLD;sell;0.01 / 0.01;;0.00;;;2025.01.17 12:41:40;;filled;;
2025.01.21 14:16:00;10;GOLD;buy;0.01 / 0.01;;0.00;2 683.53;2 768.53;2025.01.21 14:16:00;;filled;Grip;
2025.01.21 16:08:00;11;GOLD;buy;0.01 / 0.01;;0.00;2 686.88;2 771.88;2025.01.21 16:08:00;;filled;Grip;
2025.01.21 17:28:00;12;GOLD;buy;0.01 / 0.01;;0.00;2 696.51;2 781.51;2025.01.21 17:28:00;;filled;Grip;
2025.01.21 18:47:51;13;GOLD;buy;0.01 / 0.01;;0.00;2 703.09;2 788.09;2025.01.21 18:47:51;;filled;Grip;
2025.01.24 04:14:43;14;GOLD;sell;0.01 / 0.01;;0.00;;;2025.01.24 04:14:43;;filled;tp 2768.53;
2025.01.24 04:38:02;15;GOLD;sell;0.01 / 0.01;;0.00;;;2025.01.24 04:38:02;;filled;tp 2771.88;
2025.01.24 05:29:00;16;GOLD;buy;0.01 / 0.01;;0.00;2 733.04;2 818.04;2025.01.24 05:29:00;;filled;Grip;
2025.01.24 08:32:00;17;GOLD;buy;0.01 / 0.01;;0.00;2 736.88;2 821.88;2025.01.24 08:32:00;;filled;Grip;
2025.01.24 15:13:17;18;GOLD;sell;0.01 / 0.01;;0.00;;;2025.01.24 15:13:17;;filled;tp 2781.51;
2025.01.24 16:45:01;19;GOLD;buy;0.01 / 0.01;;0.00;2 742.08;2 827.08;2025.01.24 16:45:01;;filled;Grip;
2025.01.27 09:28:51;20;GOLD;sell;0.01 / 0.01;;0.00;;;2025.01.27 09:28:51;;filled;;
2025.01.27 09:28:51;21;GOLD;sell;0.01 / 0.01;;0.00;;;2025.01.27 09:28:51;;filled;;
2025.01.27 09:28:52;22;GOLD;sell;0.01 / 0.01;;0.00;;;2025.01.27 09:28:52;;filled;;
2025.01.27 09:28:52;23;GOLD;sell;0.01 / 0.01;;0.00;;;2025.01.27 09:28:52;;filled;;
2025.01.28 21:58:00;24;GOLD;buy;0.01 / 0.01;;0.00;2 725.02;2 810.02;2025.01.28 21:58:00;;filled;Grip;
2025.01.28 22:13:58;25;GOLD;buy;0.01 / 0.01;;0.00;2 724.76;2 809.76;2025.01.28 22:13:58;;filled;Grip;
2025.01.28 22:36:00;26;GOLD;buy;0.01 / 0.01;;0.00;2 724.36;2 809.36;2025.01.28 22:36:00;;filled;Grip;
2025.01.29 04:33:13;27;GOLD;buy;0.01 / 0.01;;0.00;2 725.59;2 810.59;2025.01.29 04:33:13;;filled;Grip;
2025.01.29 21:00:26;28;GOLD;sell;0.01 / 0.01;;0.00;;;2025.01.29 21:00:26;;filled;;
2025.01.29 21:00:26;29;GOLD;sell;0.01 / 0.01;;0.00;;;2025.01.29 21:00:26;;filled;;
2025.01.29 21:00:26;30;GOLD;sell;0.01 / 0.01;;0.00;;;2025.01.29 21:00:26;;filled;;
2025.01.29 21:00:26;31;GOLD;sell;0.01 / 0.01;;0.00;;;2025.01.29 21:00:26;;filled;;
2025.01.30 06:29:00;32;GOLD;buy;0.01 / 0.01;;0.00;2 722.40;2 807.40;2025.01.30 06:29:00;;filled;Grip;
2025.01.30 07:09:50;33;GOLD;buy;0.01 / 0.01;;0.00;2 721.30;2 806.30;2025.01.30 07:09:50;;filled;Grip;
2025.01.30 07:55:00;34;GOLD;buy;0.01 / 0.01;;0.00;2 720.75;2 805.75;2025.01.30 07:55:00;;filled;Grip;
2025.01.30 09:36:04;35;GOLD;buy;0.01 / 0.01;;0.00;2 726.03;2 811.03;2025.01.30 09:36:04;;filled;Grip;
2025.01.31 14:30:11;36;GOLD;sell;0.01 / 0.01;;0.00;;;2025.01.31 14:30:11;;filled;tp 2805.75;
2025.01.31 14:37:07;37;GOLD;sell;0.01 / 0.01;;0.00;;;2025.01.31 14:37:07;;filled;tp 2806.30;
2025.01.31 14:42:16;38;GOLD;sell;0.01 / 0.01;;0.00;;;2025.01.31 14:42:16;;filled;tp 2807.40;
2025.01.31 14:56:00;39;GOLD;buy;0.01 / 0.01;;0.00;2 765.83;2 850.83;2025.01.31 14:56:00;;filled;Grip;
2025.01.31 16:59:08;40;GOLD;sell;0.01 / 0.01;;0.00;;;2025.01.31 16:59:08;;filled;tp 2811.03;
2025.01.31 17:44:00;41;GOLD;buy;0.01 / 0.01;;0.00;2 771.49;2 856.49;2025.01.31 17:44:00;;filled;Grip;
2025.01.31 20:00:00;42;GOLD;buy;0.01 / 0.01;;0.00;2 768.96;2 853.96;2025.01.31 20:00:00;;filled;Grip;
2025.01.31 23:31:01;43;GOLD;buy;0.01 / 0.01;;0.00;2 761.36;2 846.36;2025.01.31 23:31:01;;filled;Grip;
2025.02.03 03:56:34;44;GOLD;sell;0.01 / 0.01;;0.00;;;2025.02.03 03:56:34;;filled;;
2025.02.03 03:56:35;45;GOLD;sell;0.01 / 0.01;;0.00;;;2025.02.03 03:56:35;;filled;;
2025.02.03 03:56:35;46;GOLD;sell;0.01 / 0.01;;0.00;;;2025.02.03 03:56:35;;filled;;
2025.02.03 03:56:35;47;GOLD;sell;0.01 / 0.01;;0.00;;;2025.02.03 03:56:35;;filled;;
2025.02.03 15:47:00;48;GOLD;buy;0.01 / 0.01;;0.00;2 769.24;2 854.24;2025.02.03 15:47:00;;filled;Grip;
2025.02.03 18:01:00;49;GOLD;buy;0.01 / 0.01;;0.00;2 777.04;2 862.04;2025.02.03 18:01:00;;filled;Grip;
2025.02.04 10:45:00;50;GOLD;buy;0.01 / 0.01;;0.00;2 772.97;2 857.97;2025.02.04 10:45:00;;filled;Grip;
2025.02.04 11:44:52;51;GOLD;buy;0.01 / 0.01;;0.00;2 779.76;2 864.76;2025.02.04 11:44:52;;filled;Grip;
2025.02.05 05:32:15;52;GOLD;sell;0.01 / 0.01;;0.00;;;2025.02.05 05:32:15;;filled;tp 2854.24;
2025.02.05 05:46:01;53;GOLD;buy;0.01 / 0.01;;0.00;2 813.53;2 898.53;2025.02.05 05:46:01;;filled;Grip;
2025.02.05 06:43:00;54;GOLD;sell;0.01 / 0.01;;0.00;;;2025.02.05 06:43:00;;filled;tp 2857.97;
2025.02.05 07:22:51;55;GOLD;buy;0.01 / 0.01;;0.00;2 815.76;2 900.76;2025.02.05 07:22:51;;filled;Grip;
2025.02.05 09:58:23;56;GOLD;sell;0.01 / 0.01;;0.00;;;2025.02.05 09:58:23;;filled;tp 2862.04;
2025.02.05 10:00:35;57;GOLD;sell;0.01 / 0.01;;0.00;;;2025.02.05 10:00:35;;filled;tp 2864.76;
2025.02.05 11:08:00;58;GOLD;buy;0.01 / 0.01;;0.00;2 827.21;2 912.21;2025.02.05 11:08:00;;filled;Grip;
2025.02.05 11:58:00;59;GOLD;buy;0.01 / 0.01;;0.00;2 830.15;2 915.15;2025.02.05 11:58:00;;filled;Grip;
2025.02.06 16:59:38;60;GOLD;sell;0.01 / 0.01;;0.00;;;2025.02.06 16:59:38;;filled;;
2025.02.06 16:59:38;61;GOLD;sell;0.01 / 0.01;;0.00;;;2025.02.06 16:59:38;;filled;;
2025.02.06 16:59:38;62;GOLD;sell;0.01 / 0.01;;0.00;;;2025.02.06 16:59:38;;filled;;
2025.02.06 16:59:38;63;GOLD;sell;0.01 / 0.01;;0.00;;;2025.02.06 16:59:38;;filled;;
2025.02.06 23:29:53;64;GOLD;buy;0.01 / 0.01;;0.00;2 815.92;2 900.92;2025.02.06 23:29:53;;filled;Grip;
2025.02.07 01:11:45;65;GOLD;buy;0.01 / 0.01;;0.00;2 816.70;2 901.70;2025.02.07 01:11:45;;filled;Grip;
2025.02.07 01:58:37;66;GOLD;buy;0.01 / 0.01;;0.00;2 818.17;2 903.17;2025.02.07 01:58:37;;filled;Grip;
2025.02.07 04:31:00;67;GOLD;buy;0.01 / 0.01;;0.00;2 828.15;2 913.15;2025.02.07 04:31:00;;filled;Grip;
2025.02.10 11:15:31;68;GOLD;sell;0.01 / 0.01;;0.00;;;2025.02.10 11:15:31;;filled;tp 2900.92;
2025.02.10 11:34:30;69;GOLD;sell;0.01 / 0.01;;0.00;;;2025.02.10 11:34:30;;filled;tp 2901.70;
2025.02.10 12:02:08;70;GOLD;sell;0.01 / 0.01;;0.00;;;2025.02.10 12:02:08;;filled;tp 2903.17;
2025.02.10 12:29:00;71;GOLD;buy;0.01 / 0.01;;0.00;2 862.54;2 947.54;2025.02.10 12:29:00;;filled;Grip;
2025.02.10 14:29:00;72;GOLD;buy;0.01 / 0.01;;0.00;2 864.61;2 949.61;2025.02.10 14:29:00;;filled;Grip;
2025.02.10 16:19:41;73;GOLD;buy;0.01 / 0.01;;0.00;2 863.64;2 948.64;2025.02.10 16:19:41;;filled;Grip;
2025.02.11 01:03:42;74;GOLD;sell;0.01 / 0.01;;0.00;;;2025.02.11 01:03:42;;filled;tp 2913.15;
2025.02.11 01:32:00;75;GOLD;buy;0.01 / 0.01;;0.00;2 872.03;2 957.03;2025.02.11 01:32:00;;filled;Grip;
2025.02.11 11:40:36;76;GOLD;sell;0.01 / 0.01;;0.00;;;2025.02.11 11:40:36;;filled;;
2025.02.11 11:40:36;77;GOLD;sell;0.01 / 0.01;;0.00;;;2025.02.11 11:40:36;;filled;;
2025.02.11 11:40:36;78;GOLD;sell;0.01 / 0.01;;0.00;;;2025.02.11 11:40:36;;filled;;
2025.02.11 11:40:37;79;GOLD;sell;0.01 / 0.01;;0.00;;;2025.02.11 11:40:37;;filled;;
2025.02.13 05:02:00;80;GOLD;buy;0.01 / 0.01;;0.00;2 868.49;2 953.49;2025.02.13 05:02:00;;filled;Grip;
2025.02.13 06:05:01;81;GOLD;buy;0.01 / 0.01;;0.00;2 876.98;2 961.98;2025.02.13 06:05:01;;filled;Grip;
2025.02.13 06:40:19;82;GOLD;buy;0.01 / 0.01;;0.00;2 878.91;2 963.91;2025.02.13 06:40:19;;filled;Grip;
2025.02.13 07:47:00;83;GOLD;buy;0.01 / 0.01;;0.00;2 880.52;2 965.52;2025.02.13 07:47:00;;filled;Grip;
2025.02.14 17:25:35;84;GOLD;sell;0.01 / 0.01;;0.00;;;2025.02.14 17:25:35;;filled;;
2025.02.14 17:25:36;85;GOLD;sell;0.01 / 0.01;;0.00;;;2025.02.14 17:25:36;;filled;;
2025.02.14 17:25:36;86;GOLD;sell;0.01 / 0.01;;0.00;;;2025.02.14 17:25:36;;filled;;
2025.02.14 17:25:36;87;GOLD;sell;0.01 / 0.01;;0.00;;;2025.02.14 17:25:36;;filled;;
2025.02.18 11:55:34;88;GOLD;buy;0.01 / 0.01;;0.00;2 872.55;2 957.55;2025.02.18 11:55:34;;filled;Grip;
2025.02.18 13:28:00;89;GOLD;buy;0.01 / 0.01;;0.00;2 872.11;2 957.11;2025.02.18 13:28:00;;filled;Grip;
2025.02.18 14:19:55;90;GOLD;buy;0.01 / 0.01;;0.00;2 873.39;2 958.39;2025.02.18 14:19:55;;filled;Grip;
2025.02.18 19:13:00;91;GOLD;buy;0.01 / 0.01;;0.00;2 891.65;2 976.65;2025.02.18 19:13:00;;filled;Grip;
2025.02.21 10:17:15;92;GOLD;sell;0.01 / 0.01;;0.00;;;2025.02.21 10:17:15;;filled;;
2025.02.21 10:17:15;93;GOLD;sell;0.01 / 0.01;;0.00;;;2025.02.21 10:17:15;;filled;;
2025.02.21 10:17:15;94;GOLD;sell;0.01 / 0.01;;0.00;;;2025.02.21 10:17:15;;filled;;
2025.02.21 10:17:15;95;GOLD;sell;0.01 / 0.01;;0.00;;;2025.02.21 10:17:15;;filled;;
2025.02.24 01:30:00;96;GOLD;buy;0.01 / 0.01;;0.00;2 898.85;2 983.85;2025.02.24 01:30:00;;filled;Grip;
2025.02.24 03:11:39;97;GOLD;sell;0.01 / 0.01;;0.00;;;2025.02.24 03:11:39;;filled;;
2025.02.24 13:03:00;98;GOLD;buy;0.01 / 0.01;;0.00;2 898.43;2 983.43;2025.02.24 13:03:00;;filled;Grip;
2025.02.24 14:22:02;99;GOLD;buy;0.01 / 0.01;;0.00;2 907.49;2 992.49;2025.02.24 14:22:02;;filled;Grip;
2025.02.24 17:16:56;100;GOLD;buy;0.01 / 0.01;;0.00;2 897.55;2 982.55;2025.02.24 17:16:56;;filled;Grip;
2025.02.24 20:54:00;101;GOLD;buy;0.01 / 0.01;;0.00;2 907.61;2 992.61;2025.02.24 20:54:00;;filled;Grip;
2025.02.25 09:52:57;102;GOLD;sell;0.01 / 0.01;;0.00;;;2025.02.25 09:52:57;;filled;;
2025.02.25 09:52:57;103;GOLD;sell;0.01 / 0.01;;0.00;;;2025.02.25 09:52:57;;filled;;
2025.02.25 09:52:57;104;GOLD;sell;0.01 / 0.01;;0.00;;;2025.02.25 09:52:57;;filled;;
2025.02.25 09:52:57;105;GOLD;sell;0.01 / 0.01;;0.00;;;2025.02.25 09:52:57;;filled;;
2025.03.13 01:32:30;106;GOLD;buy;0.01 / 0.01;;0.00;2 896.22;2 981.22;2025.03.13 01:32:30;;filled;Grip;
2025.03.13 01:36:55;107;GOLD;buy;0.01 / 0.01;;0.00;2 897.74;2 982.74;2025.03.13 01:36:55;;filled;Grip;
2025.03.13 04:34:01;108;GOLD;buy;0.01 / 0.01;;0.00;2 899.85;2 984.85;2025.03.13 04:34:01;;filled;Grip;
2025.03.13 05:19:00;109;GOLD;buy;0.01 / 0.01;;0.00;2 904.42;2 989.42;2025.03.13 05:19:00;;filled;Grip;
2025.03.13 18:31:30;110;GOLD;sell;0.01 / 0.01;;0.00;;;2025.03.13 18:31:30;;filled;tp 2981.22;
2025.03.13 18:39:11;111;GOLD;sell;0.01 / 0.01;;0.00;;;2025.03.13 18:39:11;;filled;tp 2982.74;
2025.03.13 18:43:36;112;GOLD;sell;0.01 / 0.01;;0.00;;;2025.03.13 18:43:36;;filled;tp 2984.85;
2025.03.13 20:03:51;113;GOLD;buy;0.01 / 0.01;;0.00;2 941.95;3 026.95;2025.03.13 20:03:51;;filled;Grip;
2025.03.13 21:38:29;114;GOLD;buy;0.01 / 0.01;;0.00;2 944.25;3 029.25;2025.03.13 21:38:29;;filled;Grip;
2025.03.14 02:30:40;115;GOLD;buy;0.01 / 0.01;;0.00;2 946.61;3 031.61;2025.03.14 02:30:40;;filled;Grip;
2025.03.14 03:07:50;116;GOLD;sell;0.01 / 0.01;;0.00;;;2025.03.14 03:07:50;;filled;tp 2989.42;
2025.03.14 03:47:00;117;GOLD;buy;0.01 / 0.01;;0.00;2 948.48;3 033.48;2025.03.14 03:47:00;;filled;Grip;
2025.03.18 10:43:41;118;GOLD;sell;0.01 / 0.01;;0.00;;;2025.03.18 10:43:41;;filled;tp 3026.95;
2025.03.18 10:58:01;119;GOLD;buy;0.01 / 0.01;;0.00;2 986.92;3 071.92;2025.03.18 10:58:01;;filled;Grip;
2025.03.18 13:42:13;120;GOLD;sell;0.01 / 0.01;;0.00;;;2025.03.18 13:42:13;;filled;tp 3029.25;
2025.03.18 14:34:08;121;GOLD;sell;0.01 / 0.01;;0.00;;;2025.03.18 14:34:08;;filled;tp 3031.61;
2025.03.18 14:43:25;122;GOLD;sell;0.01 / 0.01;;0.00;;;2025.03.18 14:43:25;;filled;tp 3033.48;
2025.03.18 15:18:00;123;GOLD;buy;0.01 / 0.01;;0.00;2 994.73;3 079.73;2025.03.18 15:18:00;;filled;Grip;
2025.03.18 17:54:23;124;GOLD;buy;0.01 / 0.01;;0.00;2 992.17;3 077.17;2025.03.18 17:54:23;;filled;Grip;
2025.03.18 18:48:28;125;GOLD;buy;0.01 / 0.01;;0.00;2 995.02;3 080.02;2025.03.18 18:48:28;;filled;Grip;
2025.03.20 12:31:12;126;GOLD;sell;0.01 / 0.01;;0.00;;;2025.03.20 12:31:12;;filled;;
2025.03.20 12:31:12;127;GOLD;sell;0.01 / 0.01;;0.00;;;2025.03.20 12:31:12;;filled;;
2025.03.20 12:31:12;128;GOLD;sell;0.01 / 0.01;;0.00;;;2025.03.20 12:31:12;;filled;;
2025.03.20 12:31:12;129;GOLD;sell;0.01 / 0.01;;0.00;;;2025.03.20 12:31:12;;filled;;
2025.03.20 20:52:50;130;GOLD;buy;0.01 / 0.01;;0.00;3 005.14;3 090.14;2025.03.20 20:52:50;;filled;Grip;
2025.03.20 21:51:01;131;GOLD;buy;0.01 / 0.01;;0.00;3 005.78;3 090.78;2025.03.20 21:51:01;;filled;Grip;
2025.03.21 01:20:00;132;GOLD;buy;0.01 / 0.01;;0.00;3 005.90;3 090.90;2025.03.21 01:20:00;;filled;Grip;
2025.03.21 06:52:56;133;GOLD;sell;0.01 / 0.01;;0.00;;;2025.03.21 06:52:56;;filled;;
2025.03.21 06:52:57;134;GOLD;sell;0.01 / 0.01;;0.00;;;2025.03.21 06:52:57;;filled;;
2025.03.21 06:52:57;135;GOLD;sell;0.01 / 0.01;;0.00;;;2025.03.21 06:52:57;;filled;;
2025.03.27 12:58:00;136;GOLD;buy;0.01 / 0.01;;0.00;3 011.88;3 096.88;2025.03.27 12:58:00;;filled;Grip;
2025.03.27 17:08:00;137;GOLD;buy;0.01 / 0.01;;0.00;3 014.19;3 099.19;2025.03.27 17:08:00;;filled;Grip;
2025.03.27 19:05:49;138;GOLD;buy;0.01 / 0.01;;0.00;3 012.10;3 097.10;2025.03.27 19:05:49;;filled;Grip;
2025.03.27 20:59:00;139;GOLD;buy;0.01 / 0.01;;0.00;3 016.21;3 101.21;2025.03.27 20:59:00;;filled;Grip;
2025.03.31 01:08:53;140;GOLD;sell;0.01 / 0.01;;0.00;;;2025.03.31 01:08:53;;filled;tp 3096.88;
2025.03.31 01:08:53;141;GOLD;sell;0.01 / 0.01;;0.00;;;2025.03.31 01:08:53;;filled;tp 3097.10;
2025.03.31 01:35:00;142;GOLD;buy;0.01 / 0.01;;0.00;3 049.23;3 134.23;2025.03.31 01:35:00;;filled;Grip;
2025.03.31 05:00:01;143;GOLD;buy;0.01 / 0.01;;0.00;3 054.89;3 139.89;2025.03.31 05:00:01;;filled;Grip;
2025.03.31 05:13:59;144;GOLD;sell;0.01 / 0.01;;0.00;;;2025.03.31 05:13:59;;filled;tp 3099.19;
2025.03.31 05:21:35;145;GOLD;sell;0.01 / 0.01;;0.00;;;2025.03.31 05:21:35;;filled;tp 3101.21;
2025.03.31 05:48:00;146;GOLD;buy;0.01 / 0.01;;0.00;3 064.31;3 149.31;2025.03.31 05:48:00;;filled;Grip;
2025.03.31 06:32:08;147;GOLD;buy;0.01 / 0.01;;0.00;3 069.91;3 154.91;2025.03.31 06:32:08;;filled;Grip;
2025.04.01 04:01:49;148;GOLD;sell;0.01 / 0.01;;0.00;;;2025.04.01 04:01:49;;filled;tp 3134.23;
2025.04.01 05:21:36;149;GOLD;sell;0.01 / 0.01;;0.00;;;2025.04.01 05:21:36;;filled;tp 3139.89;
2025.04.01 06:12:00;150;GOLD;buy;0.01 / 0.01;;0.00;3 103.09;3 188.09;2025.04.01 06:12:00;;filled;Grip;
2025.04.01 11:02:36;151;GOLD;buy;0.01 / 0.01;;0.00;3 090.14;3 175.14;2025.04.01 11:02:36;;filled;Grip;
2025.04.01 18:59:34;152;GOLD;sell;0.01 / 0.01;;0.00;;;2025.04.01 18:59:34;;filled;;
2025.04.01 18:59:35;153;GOLD;sell;0.01 / 0.01;;0.00;;;2025.04.01 18:59:35;;filled;;
2025.04.01 18:59:35;154;GOLD;sell;0.01 / 0.01;;0.00;;;2025.04.01 18:59:35;;filled;;
2025.04.01 18:59:35;155;GOLD;sell;0.01 / 0.01;;0.00;;;2025.04.01 18:59:35;;filled;;
2025.04.02 21:41:41;156;GOLD;buy;0.01 / 0.01;;0.00;3 083.29;3 168.29;2025.04.02 21:41:41;;filled;Grip;
2025.04.02 22:50:00;157;GOLD;buy;0.01 / 0.01;;0.00;3 085.87;3 170.87;2025.04.02 22:50:00;;filled;Grip;
2025.04.02 23:13:54;158;GOLD;sell;0.01 / 0.01;;0.00;;;2025.04.02 23:13:54;;filled;;
2025.04.02 23:13:54;159;GOLD;sell;0.01 / 0.01;;0.00;;;2025.04.02 23:13:54;;filled;;
2025.04.09 20:15:46;160;GOLD;buy;0.01 / 0.01;;0.00;3 051.13;3 136.13;2025.04.09 20:15:46;;filled;Grip;
2025.04.09 20:30:12;161;GOLD;sell;0.01 / 0.01;;0.00;;;2025.04.09 20:30:12;;filled;;
2025.04.10 06:05:00;162;GOLD;buy;0.01 / 0.01;;0.00;3 076.49;3 161.49;2025.04.10 06:05:00;;filled;Grip;
2025.04.10 06:40:00;163;GOLD;buy;0.01 / 0.01;;0.00;3 083.14;3 168.14;2025.04.10 06:40:00;;filled;Grip;
2025.04.10 09:00:00;164;GOLD;buy;0.01 / 0.01;;0.00;3 082.50;3 167.50;2025.04.10 09:00:00;;filled;Grip;
2025.04.10 12:17:30;165;GOLD;buy;0.01 / 0.01;;0.00;3 069.64;3 154.64;2025.04.10 12:17:30;;filled;Grip;
2025.04.10 17:59:10;166;GOLD;sell;0.01 / 0.01;;0.00;;;2025.04.10 17:59:10;;filled;tp 3154.64;
2025.04.10 18:15:04;167;GOLD;sell;0.01 / 0.01;;0.00;;;2025.04.10 18:15:04;;filled;tp 3161.49;
2025.04.10 18:25:42;168;GOLD;sell;0.01 / 0.01;;0.00;;;2025.04.10 18:25:42;;filled;tp 3167.50;
2025.04.10 18:28:38;169;GOLD;sell;0.01 / 0.01;;0.00;;;2025.04.10 18:28:38;;filled;tp 3168.14;
2025.04.10 19:13:00;170;GOLD;buy;0.01 / 0.01;;0.00;3 116.33;3 201.33;2025.04.10 19:13:00;;filled;Grip;
2025.04.10 22:08:00;171;GOLD;buy;0.01 / 0.01;;0.00;3 132.01;3 217.01;2025.04.10 22:08:00;;filled;Grip;
2025.04.11 01:30:00;172;GOLD;buy;0.01 / 0.01;;0.00;3 139.85;3 224.85;2025.04.11 01:30:00;;filled;Grip;
2025.04.11 02:13:00;173;GOLD;buy;0.01 / 0.01;;0.00;3 147.45;3 232.45;2025.04.11 02:13:00;;filled;Grip;
2025.04.11 03:34:42;174;GOLD;sell;0.01 / 0.01;;0.00;;;2025.04.11 03:34:42;;filled;tp 3201.33;
2025.04.11 03:43:22;175;GOLD;sell;0.01 / 0.01;;0.00;;;2025.04.11 03:43:22;;filled;tp 3217.01;
2025.04.11 04:30:00;176;GOLD;buy;0.01 / 0.01;;0.00;3 170.99;3 255.99;2025.04.11 04:30:00;;filled;Grip;
2025.04.11 08:44:43;177;GOLD;sell;0.01 / 0.01;;0.00;;;2025.04.11 08:44:43;;filled;;
2025.04.11 08:44:44;178;GOLD;sell;0.01 / 0.01;;0.00;;;2025.04.11 08:44:44;;filled;;
2025.04.11 08:44:44;179;GOLD;sell;0.01 / 0.01;;0.00;;;2025.04.11 08:44:44;;filled;;
2025.04.11 23:32:00;180;GOLD;buy;0.01 / 0.01;;0.00;3 195.07;3 280.07;2025.04.11 23:32:00;;filled;Grip;
2025.04.14 01:02:18;181;GOLD;sell;0.01 / 0.01;;0.00;;;2025.04.14 01:02:18;;filled;;
2025.04.16 04:28:00;182;GOLD;buy;0.01 / 0.01;;0.00;3 228.67;3 313.67;2025.04.16 04:28:00;;filled;Grip;
2025.04.16 04:50:27;183;GOLD;buy;0.01 / 0.01;;0.00;3 228.30;3 313.30;2025.04.16 04:50:27;;filled;Grip;
2025.04.16 05:28:28;184;GOLD;buy;0.01 / 0.01;;0.00;3 233.56;3 318.56;2025.04.16 05:28:28;;filled;Grip;
2025.04.16 08:45:00;185;GOLD;buy;0.01 / 0.01;;0.00;3 249.16;3 334.16;2025.04.16 08:45:00;;filled;Grip;
2025.04.16 11:15:37;186;GOLD;sell;0.01 / 0.01;;0.00;;;2025.04.16 11:15:37;;filled;tp 3313.30;
2025.04.16 11:15:38;187;GOLD;sell;0.01 / 0.01;;0.00;;;2025.04.16 11:15:38;;filled;tp 3313.67;
2025.04.16 11:53:00;188;GOLD;buy;0.01 / 0.01;;0.00;3 266.42;3 351.42;2025.04.16 11:53:00;;filled;Grip;
2025.04.16 14:43:10;189;GOLD;buy;0.01 / 0.01;;0.00;3 260.64;3 345.64;2025.04.16 14:43:10;;filled;Grip;
2025.04.16 17:01:52;190;GOLD;sell;0.01 / 0.01;;0.00;;;2025.04.16 17:01:52;;filled;tp 3318.56;
2025.04.16 17:26:00;191;GOLD;buy;0.01 / 0.01;;0.00;3 272.61;3 357.61;2025.04.16 17:26:00;;filled;Grip;
2025.04.16 21:22:53;192;GOLD;sell;0.01 / 0.01;;0.00;;;2025.04.16 21:22:53;;filled;tp 3334.16;
2025.04.16 22:01:00;193;GOLD;buy;0.01 / 0.01;;0.00;3 298.65;3 383.65;2025.04.16 22:01:00;;filled;Grip;
2025.04.17 01:02:00;194;GOLD;sell;0.01 / 0.01;;0.00;;;2025.04.17 01:02:00;;filled;tp 3345.64;
2025.04.17 01:05:49;195;GOLD;sell;0.01 / 0.01;;0.00;;;2025.04.17 01:05:49;;filled;tp 3351.42;
2025.04.17 01:35:00;196;GOLD;buy;0.01 / 0.01;;0.00;3 313.10;3 398.10;2025.04.17 01:35:00;;filled;Grip;
2025.04.17 04:49:51;197;GOLD;sell;0.01 / 0.01;;0.00;;;2025.04.17 04:49:51;;filled;;
2025.04.17 04:49:51;198;GOLD;sell;0.01 / 0.01;;0.00;;;2025.04.17 04:49:51;;filled;;
2025.04.17 04:49:51;199;GOLD;sell;0.01 / 0.01;;0.00;;;2025.04.17 04:49:51;;filled;;
2025.04.21 08:30:00;200;GOLD;buy;0.01 / 0.01;;0.00;3 342.01;3 427.01;2025.04.21 08:30:00;;filled;Grip;
2025.04.21 10:37:00;201;GOLD;buy;0.01 / 0.01;;0.00;3 353.90;3 438.90;2025.04.21 10:37:00;;filled;Grip;
2025.04.21 12:19:00;202;GOLD;buy;0.01 / 0.01;;0.00;3 352.36;3 437.36;2025.04.21 12:19:00;;filled;Grip;
2025.04.21 13:00:00;203;GOLD;buy;0.01 / 0.01;;0.00;3 355.15;3 440.15;2025.04.21 13:00:00;;filled;Grip;
2025.04.21 17:08:54;204;GOLD;sell;0.01 / 0.01;;0.00;;;2025.04.21 17:08:54;;filled;tp 3427.01;
2025.04.21 17:32:00;205;GOLD;buy;0.01 / 0.01;;0.00;3 384.90;3 469.90;2025.04.21 17:32:00;;filled;Grip;
2025.04.22 02:17:00;206;GOLD;sell;0.01 / 0.01;;0.00;;;2025.04.22 02:17:00;;filled;tp 3437.36;
2025.04.22 02:18:20;207;GOLD;sell;0.01 / 0.01;;0.00;;;2025.04.22 02:18:20;;filled;tp 3438.90;
2025.04.22 02:18:20;208;GOLD;sell;0.01 / 0.01;;0.00;;;2025.04.22 02:18:20;;filled;tp 3440.15;
2025.04.22 03:03:36;209;GOLD;sell;0.01 / 0.01;;0.00;;;2025.04.22 03:03:36;;filled;;
2025.04.29 01:37:36;210;GOLD;buy;0.01 / 0.01;;0.00;3 300.08;3 385.08;2025.04.29 01:37:36;;filled;Grip;
2025.04.29 03:11:04;211;GOLD;buy;0.01 / 0.01;;0.00;3 297.15;3 382.15;2025.04.29 03:11:04;;filled;Grip;
2025.04.29 03:28:49;212;GOLD;sell;0.01 / 0.01;;0.00;;;2025.04.29 03:28:49;;filled;;
2025.04.29 03:28:49;213;GOLD;sell;0.01 / 0.01;;0.00;;;2025.04.29 03:28:49;;filled;;
2025.05.05 22:52:00;214;GOLD;buy;0.01 / 0.01;;0.00;3 293.56;3 378.56;2025.05.05 22:52:00;;filled;Grip;
2025.05.05 23:06:45;215;GOLD;buy;0.01 / 0.01;;0.00;3 293.57;3 378.57;2025.05.05 23:06:45;;filled;Grip;
2025.05.06 02:57:22;216;GOLD;buy;0.01 / 0.01;;0.00;3 294.32;3 379.32;2025.05.06 02:57:22;;filled;Grip;
2025.05.06 03:59:04;217;GOLD;buy;0.01 / 0.01;;0.00;3 289.01;3 374.01;2025.05.06 03:59:04;;filled;Grip;
2025.05.06 04:41:26;218;GOLD;sell;0.01 / 0.01;;0.00;;;2025.05.06 04:41:26;;filled;tp 3374.01;
2025.05.06 04:42:11;219;GOLD;sell;0.01 / 0.01;;0.00;;;2025.05.06 04:42:11;;filled;tp 3378.56;
2025.05.06 04:42:11;220;GOLD;sell;0.01 / 0.01;;0.00;;;2025.05.06 04:42:11;;filled;tp 3378.57;
2025.05.06 04:42:16;221;GOLD;sell;0.01 / 0.01;;0.00;;;2025.05.06 04:42:16;;filled;tp 3379.32;
2025.05.06 05:33:00;222;GOLD;buy;0.01 / 0.01;;0.00;3 338.51;3 423.51;2025.05.06 05:33:00;;filled;Grip;
2025.05.06 05:49:53;223;GOLD;sell;0.01 / 0.01;;0.00;;;2025.05.06 05:49:53;;filled;;
2025.05.06 18:00:00;224;GOLD;buy;0.01 / 0.01;;0.00;3 346.48;3 431.48;2025.05.06 18:00:00;;filled;Grip;
2025.05.06 18:42:00;225;GOLD;buy;0.01 / 0.01;;0.00;3 356.12;3 441.12;2025.05.06 18:42:00;;filled;Grip;
2025.05.06 20:47:00;226;GOLD;buy;0.01 / 0.01;;0.00;3 375.58;3 460.58;2025.05.06 20:47:00;;filled;Grip;
2025.05.06 23:19:00;227;GOLD;buy;0.01 / 0.01;;0.00;3 382.23;3 467.23;2025.05.06 23:19:00;;filled;Grip;
2025.05.06 23:53:54;228;GOLD;sell;0.01 / 0.01;;0.00;;;2025.05.06 23:53:54;;filled;tp 3431.48;
2025.05.07 01:07:57;229;GOLD;sell;0.01 / 0.01;;0.00;;;2025.05.07 01:07:57;;filled;;
2025.05.07 01:07:57;230;GOLD;sell;0.01 / 0.01;;0.00;;;2025.05.07 01:07:57;;filled;;
2025.05.07 01:07:58;231;GOLD;sell;0.01 / 0.01;;0.00;;;2025.05.07 01:07:58;;filled;;
2025.05.21 05:09:00;232;GOLD;buy;0.01 / 0.01;;0.00;3 254.83;3 339.83;2025.05.21 05:09:00;;filled;Grip;
2025.05.21 06:07:00;233;GOLD;buy;0.01 / 0.01;;0.00;3 261.74;3 346.74;2025.05.21 06:07:00;;filled;Grip;
2025.05.21 07:02:00;234;GOLD;buy;0.01 / 0.01;;0.00;3 266.32;3 351.32;2025.05.21 07:02:00;;filled;Grip;
2025.05.21 09:12:00;235;GOLD;buy;0.01 / 0.01;;0.00;3 272.24;3 357.24;2025.05.21 09:12:00;;filled;Grip;
2025.05.22 04:37:12;236;GOLD;sell;0.01 / 0.01;;0.00;;;2025.05.22 04:37:12;;filled;tp 3339.83;
2025.05.22 05:03:00;237;GOLD;buy;0.01 / 0.01;;0.00;3 300.04;3 385.04;2025.05.22 05:03:00;;filled;Grip;
2025.05.22 13:05:21;238;GOLD;sell;0.01 / 0.01;;0.00;;;2025.05.22 13:05:21;;filled;;
2025.05.22 13:05:21;239;GOLD;sell;0.01 / 0.01;;0.00;;;2025.05.22 13:05:21;;filled;;
2025.05.22 13:05:21;240;GOLD;sell;0.01 / 0.01;;0.00;;;2025.05.22 13:05:21;;filled;;
2025.05.22 13:05:22;241;GOLD;sell;0.01 / 0.01;;0.00;;;2025.05.22 13:05:22;;filled;;
2025.05.23 14:05:17;242;GOLD;buy;0.01 / 0.01;;0.00;3 289.45;3 374.45;2025.05.23 14:05:17;;filled;Grip;
2025.05.23 14:19:59;243;GOLD;buy;0.01 / 0.01;;0.00;3 288.85;3 373.85;2025.05.23 14:19:59;;filled;Grip;
2025.05.23 16:10:00;244;GOLD;buy;0.01 / 0.01;;0.00;3 314.63;3 399.63;2025.05.23 16:10:00;;filled;Grip;
2025.05.23 17:48:05;245;GOLD;buy;0.01 / 0.01;;0.00;3 313.39;3 398.39;2025.05.23 17:48:05;;filled;Grip;
2025.05.26 11:42:40;246;GOLD;sell;0.01 / 0.01;;0.00;;;2025.05.26 11:42:40;;filled;;
2025.05.26 11:42:41;247;GOLD;sell;0.01 / 0.01;;0.00;;;2025.05.26 11:42:41;;filled;;
2025.05.26 11:42:41;248;GOLD;sell;0.01 / 0.01;;0.00;;;2025.05.26 11:42:41;;filled;;
2025.05.26 11:42:41;249;GOLD;sell;0.01 / 0.01;;0.00;;;2025.05.26 11:42:41;;filled;;
2025.06.02 23:18:00;250;GOLD;buy;0.01 / 0.01;;0.00;3 341.73;3 426.73;2025.06.02 23:18:00;;filled;Grip;
2025.06.02 23:42:38;251;GOLD;buy;0.01 / 0.01;;0.00;3 340.88;3 425.88;2025.06.02 23:42:38;;filled;Grip;
2025.06.03 01:48:03;252;GOLD;buy;0.01 / 0.01;;0.00;3 350.12;3 435.12;2025.06.03 01:48:03;;filled;Grip;
2025.06.03 05:50:31;253;GOLD;buy;0.01 / 0.01;;0.00;3 332.54;3 417.54;2025.06.03 05:50:31;;filled;Grip;
2025.06.03 15:20:43;254;GOLD;sell;0.01 / 0.01;;0.00;;;2025.06.03 15:20:43;;filled;sl 3350.12;
2025.06.03 16:08:00;255;GOLD;buy;0.01 / 0.01;;0.00;3 320.94;3 405.94;2025.06.03 16:08:00;;filled;Grip;
2025.06.03 16:46:56;256;GOLD;sell;0.01 / 0.01;;0.00;;;2025.06.03 16:46:56;;filled;;
2025.06.03 16:46:56;257;GOLD;sell;0.01 / 0.01;;0.00;;;2025.06.03 16:46:56;;filled;;
2025.06.03 16:46:57;258;GOLD;sell;0.01 / 0.01;;0.00;;;2025.06.03 16:46:57;;filled;;
2025.06.03 16:46:57;259;GOLD;sell;0.01 / 0.01;;0.00;;;2025.06.03 16:46:57;;filled;;
2025.06.04 01:47:01;260;GOLD;buy;0.01 / 0.01;;0.00;3 318.47;3 403.47;2025.06.04 01:47:01;;filled;Grip;
2025.06.04 05:20:00;261;GOLD;buy;0.01 / 0.01;;0.00;3 330.20;3 415.20;2025.06.04 05:20:00;;filled;Grip;
2025.06.04 10:00:46;262;GOLD;buy;0.01 / 0.01;;0.00;3 316.85;3 401.85;2025.06.04 10:00:46;;filled;Grip;
2025.06.04 10:51:18;263;GOLD;buy;0.01 / 0.01;;0.00;3 319.69;3 404.69;2025.06.04 10:51:18;;filled;Grip;
2025.06.04 15:28:09;264;GOLD;sell;0.01 / 0.01;;0.00;;;2025.06.04 15:28:09;;filled;;
2025.06.04 15:28:09;265;GOLD;sell;0.01 / 0.01;;0.00;;;2025.06.04 15:28:09;;filled;;
2025.06.04 15:28:09;266;GOLD;sell;0.01 / 0.01;;0.00;;;2025.06.04 15:28:09;;filled;;
2025.06.04 15:28:10;267;GOLD;sell;0.01 / 0.01;;0.00;;;2025.06.04 15:28:10;;filled;;
2025.06.05 02:51:00;268;GOLD;buy;0.01 / 0.01;;0.00;3 335.84;3 420.84;2025.06.05 02:51:00;;filled;Grip;
2025.06.05 03:59:00;269;GOLD;buy;0.01 / 0.01;;0.00;3 339.71;3 424.71;2025.06.05 03:59:00;;filled;Grip;
2025.06.05 08:13:57;270;GOLD;buy;0.01 / 0.01;;0.00;3 329.34;3 414.34;2025.06.05 08:13:57;;filled;Grip;
2025.06.05 10:38:00;271;GOLD;buy;0.01 / 0.01;;0.00;3 331.98;3 416.98;2025.06.05 10:38:00;;filled;Grip;
2025.06.05 17:58:46;272;GOLD;sell;0.01 / 0.01;;0.00;;;2025.06.05 17:58:46;;filled;;
2025.06.05 17:58:47;273;GOLD;sell;0.01 / 0.01;;0.00;;;2025.06.05 17:58:47;;filled;;
2025.06.05 17:58:47;274;GOLD;sell;0.01 / 0.01;;0.00;;;2025.06.05 17:58:47;;filled;;
2025.06.05 17:58:47;275;GOLD;sell;0.01 / 0.01;;0.00;;;2025.06.05 17:58:47;;filled;;
2025.06.12 09:00:13;276;GOLD;buy;0.01 / 0.01;;0.00;3 334.96;3 419.96;2025.06.12 09:00:13;;filled;Grip;
2025.06.12 10:09:00;277;GOLD;buy;0.01 / 0.01;;0.00;3 332.04;3 417.04;2025.06.12 10:09:00;;filled;Grip;
2025.06.12 10:41:59;278;GOLD;sell;0.01 / 0.01;;0.00;;;2025.06.12 10:41:59;;filled;;
2025.06.12 10:41:59;279;GOLD;sell;0.01 / 0.01;;0.00;;;2025.06.12 10:41:59;;filled;;
2025.06.12 18:48:05;280;GOLD;buy;0.01 / 0.01;;0.00;3 348.14;3 433.14;2025.06.12 18:48:05;;filled;Grip;
2025.06.12 23:10:01;281;GOLD;buy;0.01 / 0.01;;0.00;3 348.33;3 433.33;2025.06.12 23:10:01;;filled;Grip;
2025.06.12 23:53:05;282;GOLD;buy;0.01 / 0.01;;0.00;3 346.61;3 431.61;2025.06.12 23:53:05;;filled;Grip;
2025.06.13 02:41:46;283;GOLD;buy;0.01 / 0.01;;0.00;3 346.10;3 431.10;2025.06.13 02:41:46;;filled;Grip;
2025.06.13 04:46:08;284;GOLD;sell;0.01 / 0.01;;0.00;;;2025.06.13 04:46:08;;filled;tp 3431.10;
2025.06.13 04:46:26;285;GOLD;sell;0.01 / 0.01;;0.00;;;2025.06.13 04:46:26;;filled;tp 3431.61;
2025.06.13 04:47:11;286;GOLD;sell;0.01 / 0.01;;0.00;;;2025.06.13 04:47:11;;filled;tp 3433.14;
2025.06.13 04:54:00;287;GOLD;buy;0.01 / 0.01;;0.00;3 387.28;3 472.28;2025.06.13 04:54:00;;filled;Grip;
2025.06.13 05:23:49;288;GOLD;sell;0.01 / 0.01;;0.00;;;2025.06.13 05:23:49;;filled;tp 3433.33;
2025.06.13 06:13:00;289;GOLD;buy;0.01 / 0.01;;0.00;3 395.71;3 480.71;2025.06.13 06:13:00;;filled;Grip;
2025.06.13 07:09:01;290;GOLD;buy;0.01 / 0.01;;0.00;3 389.23;3 474.23;2025.06.13 07:09:01;;filled;Grip;
2025.06.13 08:09:00;291;GOLD;buy;0.01 / 0.01;;0.00;3 387.72;3 472.72;2025.06.13 08:09:00;;filled;Grip;
2025.06.16 10:14:00;292;GOLD;sell;0.01 / 0.01;;0.00;;;2025.06.16 10:14:00;;filled;;
2025.06.16 10:14:00;293;GOLD;sell;0.01 / 0.01;;0.00;;;2025.06.16 10:14:00;;filled;;
2025.06.16 10:14:00;294;GOLD;sell;0.01 / 0.01;;0.00;;;2025.06.16 10:14:00;;filled;;
2025.06.16 10:14:00;295;GOLD;sell;0.01 / 0.01;;0.00;;;2025.06.16 10:14:00;;filled;;
2025.07.03 01:48:10;296;GOLD;buy;0.01 / 0.01;;0.00;3 323.07;3 408.07;2025.07.03 01:48:10;;filled;Grip;
2025.07.03 03:04:43;297;GOLD;sell;0.01 / 0.01;;0.00;;;2025.07.03 03:04:43;;filled;;
2025.07.11 23:33:29;298;GOLD;buy;0.01 / 0.01;;0.00;3 315.12;3 400.12;2025.07.11 23:33:29;;filled;Grip;
2025.07.11 23:39:30;299;GOLD;buy;0.01 / 0.01;;0.00;3 316.48;3 401.48;2025.07.11 23:39:30;;filled;Grip;
2025.07.14 01:54:00;300;GOLD;buy;0.01 / 0.01;;0.00;3 329.53;3 414.53;2025.07.14 01:54:00;;filled;Grip;
2025.07.14 08:18:38;301;GOLD;buy;0.01 / 0.01;;0.00;3 319.93;3 404.93;2025.07.14 08:18:38;;filled;Grip;
2025.07.15 16:26:55;302;GOLD;sell;0.01 / 0.01;;0.00;;;2025.07.15 16:26:55;;filled;;
2025.07.15 16:26:55;303;GOLD;sell;0.01 / 0.01;;0.00;;;2025.07.15 16:26:55;;filled;;
2025.07.15 16:26:55;304;GOLD;sell;0.01 / 0.01;;0.00;;;2025.07.15 16:26:55;;filled;;
2025.07.15 16:26:56;305;GOLD;sell;0.01 / 0.01;;0.00;;;2025.07.15 16:26:56;;filled;;
2025.07.18 23:36:00;306;GOLD;buy;0.01 / 0.01;;0.00;3 309.97;3 394.97;2025.07.18 23:36:00;;filled;Grip;
2025.07.18 23:43:53;307;GOLD;buy;0.01 / 0.01;;0.00;3 311.03;3 396.03;2025.07.18 23:43:53;;filled;Grip;
2025.07.21 04:55:00;308;GOLD;buy;0.01 / 0.01;;0.00;3 317.27;3 402.27;2025.07.21 04:55:00;;filled;Grip;
2025.07.21 08:59:00;309;GOLD;buy;0.01 / 0.01;;0.00;3 327.32;3 412.32;2025.07.21 08:59:00;;filled;Grip;
2025.07.21 16:47:09;310;GOLD;sell;0.01 / 0.01;;0.00;;;2025.07.21 16:47:09;;filled;tp 3394.97;
2025.07.21 17:20:39;311;GOLD;sell;0.01 / 0.01;;0.00;;;2025.07.21 17:20:39;;filled;tp 3396.03;
2025.07.21 18:03:00;312;GOLD;buy;0.01 / 0.01;;0.00;3 359.89;3 444.89;2025.07.21 18:03:00;;filled;Grip;
2025.07.21 18:20:45;313;GOLD;buy;0.01 / 0.01;;0.00;3 359.62;3 444.62;2025.07.21 18:20:45;;filled;Grip;
2025.07.22 02:31:26;314;GOLD;sell;0.01 / 0.01;;0.00;;;2025.07.22 02:31:26;;filled;tp 3402.27;
2025.07.22 03:00:07;315;GOLD;buy;0.01 / 0.01;;0.00;3 356.83;3 441.83;2025.07.22 03:00:07;;filled;Grip;
2025.07.22 16:08:37;316;GOLD;sell;0.01 / 0.01;;0.00;;;2025.07.22 16:08:37;;filled;tp 3412.32;
2025.07.22 17:16:00;317;GOLD;buy;0.01 / 0.01;;0.00;3 376.62;3 461.62;2025.07.22 17:16:00;;filled;Grip;
2025.07.23 19:01:28;318;GOLD;sell;0.01 / 0.01;;0.00;;;2025.07.23 19:01:28;;filled;;
2025.07.23 19:01:28;319;GOLD;sell;0.01 / 0.01;;0.00;;;2025.07.23 19:01:28;;filled;;
2025.07.23 19:01:28;320;GOLD;sell;0.01 / 0.01;;0.00;;;2025.07.23 19:01:28;;filled;;
2025.07.23 19:01:29;321;GOLD;sell;0.01 / 0.01;;0.00;;;2025.07.23 19:01:29;;filled;;
2025.08.05 09:11:00;322;GOLD;buy;0.01 / 0.01;;0.00;3 331.11;3 416.11;2025.08.05 09:11:00;;filled;Grip;
2025.08.05 10:49:00;323;GOLD;buy;0.01 / 0.01;;0.00;3 332.40;3 417.40;2025.08.05 10:49:00;;filled;Grip;
2025.08.05 12:00:25;324;GOLD;sell;0.01 / 0.01;;0.00;;;2025.08.05 12:00:25;;filled;;
2025.08.05 12:00:25;325;GOLD;sell;0.01 / 0.01;;0.00;;;2025.08.05 12:00:25;;filled;;
2025.08.06 06:00:57;326;GOLD;buy;0.01 / 0.01;;0.00;3 336.97;3 421.97;2025.08.06 06:00:57;;filled;Grip;
2025.08.06 09:55:00;327;GOLD;buy;0.01 / 0.01;;0.00;3 335.37;3 420.37;2025.08.06 09:55:00;;filled;Grip;
2025.08.06 11:10:30;328;GOLD;sell;0.01 / 0.01;;0.00;;;2025.08.06 11:10:30;;filled;;
2025.08.06 11:10:30;329;GOLD;sell;0.01 / 0.01;;0.00;;;2025.08.06 11:10:30;;filled;;
2025.08.07 14:10:00;330;GOLD;buy;0.01 / 0.01;;0.00;3 335.26;3 420.26;2025.08.07 14:10:00;;filled;Grip;
2025.08.07 14:54:00;331;GOLD;buy;0.01 / 0.01;;0.00;3 338.18;3 423.18;2025.08.07 14:54:00;;filled;Grip;
2025.08.07 16:07:01;332;GOLD;buy;0.01 / 0.01;;0.00;3 342.53;3 427.53;2025.08.07 16:07:01;;filled;Grip;
2025.08.07 23:24:00;333;GOLD;buy;0.01 / 0.01;;0.00;3 359.76;3 444.76;2025.08.07 23:24:00;;filled;Grip;
2025.08.08 21:00:12;334;GOLD;sell;0.01 / 0.01;;0.00;;;2025.08.08 21:00:12;;filled;;
2025.08.08 21:00:12;335;GOLD;sell;0.01 / 0.01;;0.00;;;2025.08.08 21:00:12;;filled;;
2025.08.08 21:00:12;336;GOLD;sell;0.01 / 0.01;;0.00;;;2025.08.08 21:00:12;;filled;;
2025.08.08 21:00:13;337;GOLD;sell;0.01 / 0.01;;0.00;;;2025.08.08 21:00:13;;filled;;
2025.08.25 01:54:41;338;GOLD;buy;0.01 / 0.01;;0.00;3 327.78;3 412.78;2025.08.25 01:54:41;;filled;Grip;
2025.08.25 04:39:24;339;GOLD;sell;0.01 / 0.01;;0.00;;;2025.08.25 04:39:24;;filled;;
2025.08.26 11:10:00;340;GOLD;buy;0.01 / 0.01;;0.00;3 337.76;3 422.76;2025.08.26 11:10:00;;filled;Grip;
2025.08.26 13:47:44;341;GOLD;buy;0.01 / 0.01;;0.00;3 329.79;3 414.79;2025.08.26 13:47:44;;filled;Grip;
2025.08.26 14:55:00;342;GOLD;buy;0.01 / 0.01;;0.00;3 338.37;3 423.37;2025.08.26 14:55:00;;filled;Grip;
2025.08.26 17:24:35;343;GOLD;buy;0.01 / 0.01;;0.00;3 336.52;3 421.52;2025.08.26 17:24:35;;filled;Grip;
2025.08.28 19:21:42;344;GOLD;sell;0.01 / 0.01;;0.00;;;2025.08.28 19:21:42;;filled;tp 3414.79;
2025.08.28 19:46:00;345;GOLD;buy;0.01 / 0.01;;0.00;3 374.83;3 459.83;2025.08.28 19:46:00;;filled;Grip;
2025.08.28 22:53:25;346;GOLD;sell;0.01 / 0.01;;0.00;;;2025.08.28 22:53:25;;filled;tp 3421.52;
2025.08.28 22:57:33;347;GOLD;sell;0.01 / 0.01;;0.00;;;2025.08.28 22:57:33;;filled;tp 3422.76;
2025.08.29 05:35:00;348;GOLD;buy;0.01 / 0.01;;0.00;3 372.41;3 457.41;2025.08.29 05:35:00;;filled;Grip;
2025.08.29 05:41:24;349;GOLD;buy;0.01 / 0.01;;0.00;3 373.93;3 458.93;2025.08.29 05:41:24;;filled;Grip;
2025.08.29 16:38:29;350;GOLD;sell;0.01 / 0.01;;0.00;;;2025.08.29 16:38:29;;filled;tp 3423.37;
2025.08.29 17:57:00;351;GOLD;buy;0.01 / 0.01;;0.00;3 398.84;3 483.84;2025.08.29 17:57:00;;filled;Grip;
2025.09.01 04:59:15;352;GOLD;sell;0.01 / 0.01;;0.00;;;2025.09.01 04:59:15;;filled;tp 3457.41;
2025.09.01 04:59:38;353;GOLD;sell;0.01 / 0.01;;0.00;;;2025.09.01 04:59:38;;filled;tp 3458.93;
2025.09.01 05:06:38;354;GOLD;sell;0.01 / 0.01;;0.00;;;2025.09.01 05:06:38;;filled;tp 3459.83;
2025.09.01 05:57:56;355;GOLD;sell;0.01 / 0.01;;0.00;;;2025.09.01 05:57:56;;filled;tp 3483.84;
2025.09.01 06:22:00;356;GOLD;buy;0.01 / 0.01;;0.00;3 432.44;3 517.44;2025.09.01 06:22:00;;filled;Grip;
2025.09.01 09:53:00;357;GOLD;buy;0.01 / 0.01;;0.00;3 444.57;3 529.57;2025.09.01 09:53:00;;filled;Grip;
2025.09.01 11:39:00;358;GOLD;buy;0.01 / 0.01;;0.00;3 437.95;3 522.95;2025.09.01 11:39:00;;filled;Grip;
2025.09.01 16:56:01;359;GOLD;buy;0.01 / 0.01;;0.00;3 437.89;3 522.89;2025.09.01 16:56:01;;filled;Grip;
2025.09.02 10:24:03;360;GOLD;sell;0.01 / 0.01;;0.00;;;2025.09.02 10:24:03;;filled;;
2025.09.02 10:24:04;361;GOLD;sell;0.01 / 0.01;;0.00;;;2025.09.02 10:24:04;;filled;;
2025.09.02 10:24:04;362;GOLD;sell;0.01 / 0.01;;0.00;;;2025.09.02 10:24:04;;filled;;
2025.09.02 10:24:04;363;GOLD;sell;0.01 / 0.01;;0.00;;;2025.09.02 10:24:04;;filled;;
2025.09.02 23:29:37;364;GOLD;buy;0.01 / 0.01;;0.00;3 496.43;3 581.43;2025.09.02 23:29:37;;filled;Grip;
2025.09.03 04:18:00;365;GOLD;buy;0.01 / 0.01;;0.00;3 497.23;3 582.23;2025.09.03 04:18:00;;filled;Grip;
2025.09.03 08:04:12;366;GOLD;buy;0.01 / 0.01;;0.00;3 496.17;3 581.17;2025.09.03 08:04:12;;filled;Grip;
2025.09.03 10:58:24;367;GOLD;buy;0.01 / 0.01;;0.00;3 494.38;3 579.38;2025.09.03 10:58:24;;filled;Grip;
2025.09.04 04:39:58;368;GOLD;sell;0.01 / 0.01;;0.00;;;2025.09.04 04:39:58;;filled;;
2025.09.04 04:39:58;369;GOLD;sell;0.01 / 0.01;;0.00;;;2025.09.04 04:39:58;;filled;;
2025.09.04 04:39:58;370;GOLD;sell;0.01 / 0.01;;0.00;;;2025.09.04 04:39:58;;filled;;
2025.09.04 04:39:58;371;GOLD;sell;0.01 / 0.01;;0.00;;;2025.09.04 04:39:58;;filled;;
2025.09.04 23:03:59;372;GOLD;buy;0.01 / 0.01;;0.00;3 510.69;3 595.69;2025.09.04 23:03:59;;filled;Grip;
2025.09.05 01:10:20;373;GOLD;sell;0.01 / 0.01;;0.00;;;2025.09.05 01:10:20;;filled;;
2025.09.05 08:07:04;374;GOLD;buy;0.01 / 0.01;;0.00;3 519.31;3 604.31;2025.09.05 08:07:04;;filled;Grip;
2025.09.05 09:59:43;375;GOLD;buy;0.01 / 0.01;;0.00;3 513.50;3 598.50;2025.09.05 09:59:43;;filled;Grip;
2025.09.05 13:06:06;376;GOLD;buy;0.01 / 0.01;;0.00;3 511.52;3 596.52;2025.09.05 13:06:06;;filled;Grip;
2025.09.05 16:42:00;377;GOLD;buy;0.01 / 0.01;;0.00;3 541.40;3 626.40;2025.09.05 16:42:00;;filled;Grip;
2025.09.05 17:01:58;378;GOLD;sell;0.01 / 0.01;;0.00;;;2025.09.05 17:01:58;;filled;tp 3596.52;
2025.09.05 17:19:00;379;GOLD;buy;0.01 / 0.01;;0.00;3 550.52;3 635.52;2025.09.05 17:19:00;;filled;Grip;
2025.09.05 19:09:20;380;GOLD;sell;0.01 / 0.01;;0.00;;;2025.09.05 19:09:20;;filled;tp 3598.50;
2025.09.05 19:36:00;381;GOLD;buy;0.01 / 0.01;;0.00;3 556.90;3 641.90;2025.09.05 19:36:00;;filled;Grip;
2025.09.08 10:12:28;382;GOLD;sell;0.01 / 0.01;;0.00;;;2025.09.08 10:12:28;;filled;tp 3604.31;
2025.09.08 10:56:02;383;GOLD;buy;0.01 / 0.01;;0.00;3 567.49;3 652.49;2025.09.08 10:56:02;;filled;Grip;
2025.09.08 16:02:02;384;GOLD;sell;0.01 / 0.01;;0.00;;;2025.09.08 16:02:02;;filled;tp 3626.40;
2025.09.08 16:50:43;385;GOLD;sell;0.01 / 0.01;;0.00;;;2025.09.08 16:50:43;;filled;tp 3635.52;
2025.09.08 17:16:00;386;GOLD;buy;0.01 / 0.01;;0.00;3 595.41;3 680.41;2025.09.08 17:16:00;;filled;Grip;
2025.09.08 18:00:40;387;GOLD;sell;0.01 / 0.01;;0.00;;;2025.09.08 18:00:40;;filled;tp 3641.90;
2025.09.08 18:26:00;388;GOLD;buy;0.01 / 0.01;;0.00;3 601.93;3 686.93;2025.09.08 18:26:00;;filled;Grip;
2025.09.08 21:09:13;389;GOLD;buy;0.01 / 0.01;;0.00;3 594.48;3 679.48;2025.09.08 21:09:13;;filled;Grip;
2025.09.09 05:09:28;390;GOLD;sell;0.01 / 0.01;;0.00;;;2025.09.09 05:09:28;;filled;tp 3652.49;
2025.09.09 05:36:00;391;GOLD;buy;0.01 / 0.01;;0.00;3 611.40;3 696.40;2025.09.09 05:36:00;;filled;Grip;
2025.09.09 17:08:33;392;GOLD;sell;0.01 / 0.01;;0.00;;;2025.09.09 17:08:33;;filled;;
2025.09.09 17:08:33;393;GOLD;sell;0.01 / 0.01;;0.00;;;2025.09.09 17:08:33;;filled;;
2025.09.09 17:08:33;394;GOLD;sell;0.01 / 0.01;;0.00;;;2025.09.09 17:08:33;;filled;;
2025.09.09 17:08:33;395;GOLD;sell;0.01 / 0.01;;0.00;;;2025.09.09 17:08:33;;filled;;
2025.09.16 01:30:01;396;GOLD;buy;0.01 / 0.01;;0.00;3 639.38;3 724.38;2025.09.16 01:30:01;;filled;Grip;
2025.09.16 03:00:53;397;GOLD;buy;0.01 / 0.01;;0.00;3 638.19;3 723.19;2025.09.16 03:00:53;;filled;Grip;
2025.09.16 04:50:49;398;GOLD;buy;0.01 / 0.01;;0.00;3 638.82;3 723.82;2025.09.16 04:50:49;;filled;Grip;
2025.09.16 08:18:34;399;GOLD;buy;0.01 / 0.01;;0.00;3 644.43;3 729.43;2025.09.16 08:18:34;;filled;Grip;
2025.09.17 11:02:25;400;GOLD;sell;0.01 / 0.01;;0.00;;;2025.09.17 11:02:25;;filled;;
2025.09.17 11:02:25;401;GOLD;sell;0.01 / 0.01;;0.00;;;2025.09.17 11:02:25;;filled;;
2025.09.17 11:02:25;402;GOLD;sell;0.01 / 0.01;;0.00;;;2025.09.17 11:02:25;;filled;;
2025.09.17 11:02:26;403;GOLD;sell;0.01 / 0.01;;0.00;;;2025.09.17 11:02:26;;filled;;
2025.09.22 02:21:46;404;GOLD;buy;0.01 / 0.01;;0.00;3 649.35;3 734.35;2025.09.22 02:21:46;;filled;Grip;
2025.09.22 03:41:00;405;GOLD;buy;0.01 / 0.01;;0.00;3 650.10;3 735.10;2025.09.22 03:41:00;;filled;Grip;
2025.09.22 07:06:00;406;GOLD;buy;0.01 / 0.01;;0.00;3 654.43;3 739.43;2025.09.22 07:06:00;;filled;Grip;
2025.09.22 12:10:00;407;GOLD;buy;0.01 / 0.01;;0.00;3 681.81;3 766.81;2025.09.22 12:10:00;;filled;Grip;
2025.09.22 18:46:19;408;GOLD;sell;0.01 / 0.01;;0.00;;;2025.09.22 18:46:19;;filled;tp 3734.35;
2025.09.22 18:49:48;409;GOLD;sell;0.01 / 0.01;;0.00;;;2025.09.22 18:49:48;;filled;tp 3735.10;
2025.09.22 19:30:00;410;GOLD;buy;0.01 / 0.01;;0.00;3 697.08;3 782.08;2025.09.22 19:30:00;;filled;Grip;
2025.09.22 20:09:06;411;GOLD;sell;0.01 / 0.01;;0.00;;;2025.09.22 20:09:06;;filled;tp 3739.43;
2025.09.22 21:06:00;412;GOLD;buy;0.01 / 0.01;;0.00;3 706.07;3 791.07;2025.09.22 21:06:00;;filled;Grip;
2025.09.22 22:38:00;413;GOLD;buy;0.01 / 0.01;;0.00;3 705.98;3 790.98;2025.09.22 22:38:00;;filled;Grip;
2025.09.23 11:39:42;414;GOLD;sell;0.01 / 0.01;;0.00;;;2025.09.23 11:39:42;;filled;tp 3766.81;
2025.09.23 12:10:51;415;GOLD;sell;0.01 / 0.01;;0.00;;;2025.09.23 12:10:51;;filled;tp 3782.08;
2025.09.23 12:24:49;416;GOLD;sell;0.01 / 0.01;;0.00;;;2025.09.23 12:24:49;;filled;tp 3790.98;
2025.09.23 12:39:00;417;GOLD;buy;0.01 / 0.01;;0.00;3 744.15;3 829.15;2025.09.23 12:39:00;;filled;Grip;
2025.09.23 12:54:32;418;GOLD;buy;0.01 / 0.01;;0.00;3 744.08;3 829.08;2025.09.23 12:54:32;;filled;Grip;
2025.09.23 15:43:00;419;GOLD;buy;0.01 / 0.01;;0.00;3 743.35;3 828.35;2025.09.23 15:43:00;;filled;Grip;
2025.09.23 21:56:38;420;GOLD;sell;0.01 / 0.01;;0.00;;;2025.09.23 21:56:38;;filled;;
2025.09.23 21:56:38;421;GOLD;sell;0.01 / 0.01;;0.00;;;2025.09.23 21:56:38;;filled;;
2025.09.23 21:56:38;422;GOLD;sell;0.01 / 0.01;;0.00;;;2025.09.23 21:56:38;;filled;;
2025.09.23 21:56:38;423;GOLD;sell;0.01 / 0.01;;0.00;;;2025.09.23 21:56:38;;filled;;
2025.09.29 12:13:00;424;GOLD;buy;0.01 / 0.01;;0.00;3 777.59;3 862.59;2025.09.29 12:13:00;;filled;Grip;
2025.09.29 14:04:00;425;GOLD;buy;0.01 / 0.01;;0.00;3 777.33;3 862.33;2025.09.29 14:04:00;;filled;Grip;
2025.09.29 16:58:00;426;GOLD;buy;0.01 / 0.01;;0.00;3 781.36;3 866.36;2025.09.29 16:58:00;;filled;Grip;
2025.09.29 19:05:00;427;GOLD;buy;0.01 / 0.01;;0.00;3 788.80;3 873.80;2025.09.29 19:05:00;;filled;Grip;
2025.09.30 06:42:16;428;GOLD;sell;0.01 / 0.01;;0.00;;;2025.09.30 06:42:16;;filled;tp 3862.33;
2025.09.30 06:42:45;429;GOLD;sell;0.01 / 0.01;;0.00;;;2025.09.30 06:42:45;;filled;tp 3862.59;
2025.09.30 06:53:43;430;GOLD;sell;0.01 / 0.01;;0.00;;;2025.09.30 06:53:43;;filled;tp 3866.36;
2025.09.30 07:11:00;431;GOLD;buy;0.01 / 0.01;;0.00;3 825.37;3 910.37;2025.09.30 07:11:00;;filled;Grip;
2025.09.30 09:03:00;432;GOLD;buy;0.01 / 0.01;;0.00;3 829.68;3 914.68;2025.09.30 09:03:00;;filled;Grip;
2025.09.30 09:32:14;433;GOLD;buy;0.01 / 0.01;;0.00;3 829.13;3 914.13;2025.09.30 09:32:14;;filled;Grip;
2025.09.30 11:07:28;434;GOLD;sell;0.01 / 0.01;;0.00;;;2025.09.30 11:07:28;;filled;;
2025.09.30 11:07:28;435;GOLD;sell;0.01 / 0.01;;0.00;;;2025.09.30 11:07:28;;filled;;
2025.09.30 11:07:28;436;GOLD;sell;0.01 / 0.01;;0.00;;;2025.09.30 11:07:28;;filled;;
2025.09.30 11:07:29;437;GOLD;sell;0.01 / 0.01;;0.00;;;2025.09.30 11:07:29;;filled;;
2025.10.01 05:38:00;438;GOLD;buy;0.01 / 0.01;;0.00;3 825.29;3 910.29;2025.10.01 05:38:00;;filled;Grip;
2025.10.01 06:17:03;439;GOLD;buy;0.01 / 0.01;;0.00;3 822.97;3 907.97;2025.10.01 06:17:03;;filled;Grip;
2025.10.01 06:42:03;440;GOLD;buy;0.01 / 0.01;;0.00;3 822.08;3 907.08;2025.10.01 06:42:03;;filled;Grip;
2025.10.01 08:31:00;441;GOLD;buy;0.01 / 0.01;;0.00;3 826.03;3 911.03;2025.10.01 08:31:00;;filled;Grip;
2025.10.01 17:48:16;442;GOLD;sell;0.01 / 0.01;;0.00;;;2025.10.01 17:48:16;;filled;;
2025.10.01 17:48:16;443;GOLD;sell;0.01 / 0.01;;0.00;;;2025.10.01 17:48:16;;filled;;
2025.10.01 17:48:17;444;GOLD;sell;0.01 / 0.01;;0.00;;;2025.10.01 17:48:17;;filled;;
2025.10.01 17:48:17;445;GOLD;sell;0.01 / 0.01;;0.00;;;2025.10.01 17:48:17;;filled;;
2025.10.02 15:59:12;446;GOLD;buy;0.01 / 0.01;;0.00;3 844.98;3 929.98;2025.10.02 15:59:12;;filled;Grip;
2025.10.02 17:20:10;447;GOLD;sell;0.01 / 0.01;;0.00;;;2025.10.02 17:20:10;;filled;;
2025.10.06 02:35:00;448;GOLD;buy;0.01 / 0.01;;0.00;3 870.77;3 955.77;2025.10.06 02:35:00;;filled;Grip;
2025.10.06 05:27:01;449;GOLD;buy;0.01 / 0.01;;0.00;3 882.40;3 967.40;2025.10.06 05:27:01;;filled;Grip;
2025.10.06 07:13:00;450;GOLD;buy;0.01 / 0.01;;0.00;3 891.16;3 976.16;2025.10.06 07:13:00;;filled;Grip;
2025.10.06 10:16:00;451;GOLD;buy;0.01 / 0.01;;0.00;3 894.05;3 979.05;2025.10.06 10:16:00;;filled;Grip;
2025.10.06 17:35:39;452;GOLD;sell;0.01 / 0.01;;0.00;;;2025.10.06 17:35:39;;filled;tp 3955.77;
2025.10.06 18:01:00;453;GOLD;buy;0.01 / 0.01;;0.00;3 914.32;3 999.32;2025.10.06 18:01:00;;filled;Grip;
2025.10.06 19:07:21;454;GOLD;sell;0.01 / 0.01;;0.00;;;2025.10.06 19:07:21;;filled;tp 3967.40;
2025.10.06 21:24:00;455;GOLD;buy;0.01 / 0.01;;0.00;3 918.09;4 003.09;2025.10.06 21:24:00;;filled;Grip;
2025.10.07 03:26:02;456;GOLD;sell;0.01 / 0.01;;0.00;;;2025.10.07 03:26:02;;filled;tp 3976.16;
2025.10.07 05:59:00;457;GOLD;buy;0.01 / 0.01;;0.00;3 925.21;4 010.21;2025.10.07 05:59:00;;filled;Grip;
2025.10.07 10:20:20;458;GOLD;sell;0.01 / 0.01;;0.00;;;2025.10.07 10:20:20;;filled;;
2025.10.07 10:20:20;459;GOLD;sell;0.01 / 0.01;;0.00;;;2025.10.07 10:20:20;;filled;;
2025.10.07 10:20:21;460;GOLD;sell;0.01 / 0.01;;0.00;;;2025.10.07 10:20:21;;filled;;
2025.10.07 10:20:21;461;GOLD;sell;0.01 / 0.01;;0.00;;;2025.10.07 10:20:21;;filled;;
2025.10.08 02:45:04;462;GOLD;buy;0.01 / 0.01;;0.00;3 951.71;4 036.71;2025.10.08 02:45:04;;filled;Grip;
2025.10.08 06:30:00;463;GOLD;buy;0.01 / 0.01;;0.00;3 971.68;4 056.68;2025.10.08 06:30:00;;filled;Grip;
2025.10.08 07:35:00;464;GOLD;buy;0.01 / 0.01;;0.00;3 979.28;4 064.28;2025.10.08 07:35:00;;filled;Grip;
2025.10.08 08:39:55;465;GOLD;sell;0.01 / 0.01;;0.00;;;2025.10.08 08:39:55;;filled;tp 4036.71;
2025.10.08 09:36:29;466;GOLD;buy;0.01 / 0.01;;0.00;3 990.06;4 075.06;2025.10.08 09:36:29;;filled;Grip;
2025.10.08 10:36:00;467;GOLD;buy;0.01 / 0.01;;0.00;3 998.34;4 083.34;2025.10.08 10:36:00;;filled;Grip;
2025.10.08 19:30:47;468;GOLD;sell;0.01 / 0.01;;0.00;;;2025.10.08 19:30:47;;filled;tp 4056.68;
2025.10.08 19:56:00;469;GOLD;buy;0.01 / 0.01;;0.00;4 014.61;4 099.61;2025.10.08 19:56:00;;filled;Grip;
2025.10.09 01:09:25;470;GOLD;sell;0.01 / 0.01;;0.00;;;2025.10.09 01:09:25;;filled;;
2025.10.09 01:09:25;471;GOLD;sell;0.01 / 0.01;;0.00;;;2025.10.09 01:09:25;;filled;;
2025.10.09 01:09:25;472;GOLD;sell;0.01 / 0.01;;0.00;;;2025.10.09 01:09:25;;filled;;
2025.10.09 01:09:25;473;GOLD;sell;0.01 / 0.01;;0.00;;;2025.10.09 01:09:25;;filled;;
2025.10.09 15:16:00;474;GOLD;buy;0.01 / 0.01;;0.00;4 002.14;4 087.14;2025.10.09 15:16:00;;filled;Grip;
2025.10.09 16:46:14;475;GOLD;sell;0.01 / 0.01;;0.00;;;2025.10.09 16:46:14;;filled;;
2025.10.13 09:41:00;476;GOLD;buy;0.01 / 0.01;;0.00;4 028.07;4 113.07;2025.10.13 09:41:00;;filled;Grip;
2025.10.13 10:54:00;477;GOLD;buy;0.01 / 0.01;;0.00;4 035.16;4 120.16;2025.10.13 10:54:00;;filled;Grip;
2025.10.13 11:09:10;478;GOLD;buy;0.01 / 0.01;;0.00;4 035.43;4 120.43;2025.10.13 11:09:10;;filled;Grip;
2025.10.13 12:47:45;479;GOLD;buy;0.01 / 0.01;;0.00;4 035.55;4 120.55;2025.10.13 12:47:45;;filled;Grip;
2025.10.13 19:10:32;480;GOLD;sell;0.01 / 0.01;;0.00;;;2025.10.13 19:10:32;;filled;tp 4113.07;
2025.10.13 19:31:00;481;GOLD;buy;0.01 / 0.01;;0.00;4 069.92;4 154.92;2025.10.13 19:31:00;;filled;Grip;
2025.10.14 02:33:42;482;GOLD;sell;0.01 / 0.01;;0.00;;;2025.10.14 02:33:42;;filled;tp 4120.16;
2025.10.14 02:33:43;483;GOLD;sell;0.01 / 0.01;;0.00;;;2025.10.14 02:33:43;;filled;tp 4120.43;
2025.10.14 02:33:43;484;GOLD;sell;0.01 / 0.01;;0.00;;;2025.10.14 02:33:43;;filled;tp 4120.55;
2025.10.14 05:05:00;485;GOLD;buy;0.01 / 0.01;;0.00;4 100.41;4 185.41;2025.10.14 05:05:00;;filled;Grip;
2025.10.14 06:05:01;486;GOLD;buy;0.01 / 0.01;;0.00;4 108.55;4 193.55;2025.10.14 06:05:01;;filled;Grip;
2025.10.14 06:13:50;487;GOLD;sell;0.01 / 0.01;;0.00;;;2025.10.14 06:13:50;;filled;tp 4154.92;
2025.10.14 07:29:00;488;GOLD;buy;0.01 / 0.01;;0.00;4 123.61;4 208.61;2025.10.14 07:29:00;;filled;Grip;
2025.10.14 07:45:00;489;GOLD;buy;0.01 / 0.01;;0.00;4 123.00;4 208.00;2025.10.14 07:45:00;;filled;Grip;
2025.10.14 08:38:27;490;GOLD;sell;0.01 / 0.01;;0.00;;;2025.10.14 08:38:27;;filled;;
2025.10.14 08:38:27;491;GOLD;sell;0.01 / 0.01;;0.00;;;2025.10.14 08:38:27;;filled;;
2025.10.14 08:38:27;492;GOLD;sell;0.01 / 0.01;;0.00;;;2025.10.14 08:38:27;;filled;;
2025.10.14 08:38:27;493;GOLD;sell;0.01 / 0.01;;0.00;;;2025.10.14 08:38:27;;filled;;
2025.10.15 10:21:00;494;GOLD;buy;0.01 / 0.01;;0.00;4 158.72;4 243.72;2025.10.15 10:21:00;;filled;Grip;
2025.10.15 11:37:00;495;GOLD;buy;0.01 / 0.01;;0.00;4 174.42;4 259.42;2025.10.15 11:37:00;;filled;Grip;
2025.10.15 12:21:18;496;GOLD;sell;0.01 / 0.01;;0.00;;;2025.10.15 12:21:18;;filled;sl 4174.42;
2025.10.15 12:21:18;497;GOLD;sell;0.01 / 0.01;;0.00;;;2025.10.15 12:21:18;;filled;;
2025.10.15 18:44:00;498;GOLD;buy;0.01 / 0.01;;0.00;4 155.94;4 240.94;2025.10.15 18:44:00;;filled;Grip;
2025.10.15 18:51:11;499;GOLD;sell;0.01 / 0.01;;0.00;;;2025.10.15 18:51:11;;filled;;
2025.10.16 03:58:00;500;GOLD;buy;0.01 / 0.01;;0.00;4 176.96;4 261.96;2025.10.16 03:58:00;;filled;Grip;
2025.10.16 05:30:00;501;GOLD;buy;0.01 / 0.01;;0.00;4 192.00;4 277.00;2025.10.16 05:30:00;;filled;Grip;
2025.10.16 05:39:02;502;GOLD;buy;0.01 / 0.01;;0.00;4 191.71;4 276.71;2025.10.16 05:39:02;;filled;Grip;
2025.10.16 09:41:00;503;GOLD;buy;0.01 / 0.01;;0.00;4 181.34;4 266.34;2025.10.16 09:41:00;;filled;Grip;
2025.10.16 17:06:59;504;GOLD;sell;0.01 / 0.01;;0.00;;;2025.10.16 17:06:59;;filled;tp 4261.96;
2025.10.16 17:31:07;505;GOLD;sell;0.01 / 0.01;;0.00;;;2025.10.16 17:31:07;;filled;tp 4266.34;
2025.10.16 17:39:00;506;GOLD;buy;0.01 / 0.01;;0.00;4 221.81;4 306.81;2025.10.16 17:39:00;;filled;Grip;
2025.10.16 18:41:00;507;GOLD;buy;0.01 / 0.01;;0.00;4 229.95;4 314.95;2025.10.16 18:41:00;;filled;Grip;
2025.10.16 19:06:17;508;GOLD;sell;0.01 / 0.01;;0.00;;;2025.10.16 19:06:17;;filled;tp 4277.00;
2025.10.16 19:06:17;509;GOLD;sell;0.01 / 0.01;;0.00;;;2025.10.16 19:06:17;;filled;tp 4276.71;
2025.10.16 20:42:00;510;GOLD;buy;0.01 / 0.01;;0.00;4 251.48;4 336.48;2025.10.16 20:42:00;;filled;Grip;
2025.10.16 21:26:00;511;GOLD;buy;0.01 / 0.01;;0.00;4 249.85;4 334.85;2025.10.16 21:26:00;;filled;Grip;
2025.10.16 22:54:35;512;GOLD;sell;0.01 / 0.01;;0.00;;;2025.10.16 22:54:35;;filled;tp 4306.81;
2025.10.16 23:03:03;513;GOLD;sell;0.01 / 0.01;;0.00;;;2025.10.16 23:03:03;;filled;tp 4314.95;
2025.10.16 23:29:00;514;GOLD;buy;0.01 / 0.01;;0.00;4 276.62;4 361.62;2025.10.16 23:29:00;;filled;Grip;
2025.10.17 01:02:00;515;GOLD;sell;0.01 / 0.01;;0.00;;;2025.10.17 01:02:00;;filled;tp 4336.48;
2025.10.17 01:02:00;516;GOLD;sell;0.01 / 0.01;;0.00;;;2025.10.17 01:02:00;;filled;tp 4334.85;
2025.10.17 01:18:27;517;GOLD;sell;0.01 / 0.01;;0.00;;;2025.10.17 01:18:27;;filled;tp 4361.62;
2025.10.23 21:39:01;518;GOLD;buy;0.01 / 0.01;;0.00;4 099.64;4 184.64;2025.10.23 21:39:01;;filled;Grip;
2025.10.23 23:00:06;519;GOLD;sell;0.01 / 0.01;;0.00;;;2025.10.23 23:00:06;;filled;;
2025.10.29 15:59:32;520;GOLD;buy;0.01 / 0.01;;0.00;3 972.92;4 057.92;2025.10.29 15:59:32;;filled;Grip;
2025.10.29 17:33:15;521;GOLD;buy;0.01 / 0.01;;0.00;3 969.04;4 054.04;2025.10.29 17:33:15;;filled;Grip;
2025.10.29 17:50:29;522;GOLD;sell;0.01 / 0.01;;0.00;;;2025.10.29 17:50:29;;filled;;
2025.10.29 17:50:29;523;GOLD;sell;0.01 / 0.01;;0.00;;;2025.10.29 17:50:29;;filled;;
2025.10.31 01:24:00;524;GOLD;buy;0.01 / 0.01;;0.00;3 988.99;4 073.99;2025.10.31 01:24:00;;filled;Grip;
2025.10.31 04:37:41;525;GOLD;sell;0.01 / 0.01;;0.00;;;2025.10.31 04:37:41;;filled;;
2025.11.10 05:57:46;526;GOLD;buy;0.01 / 0.01;;0.00;4 010.30;4 095.30;2025.11.10 05:57:46;;filled;Grip;
2025.11.10 06:35:00;527;GOLD;buy;0.01 / 0.01;;0.00;4 013.86;4 098.86;2025.11.10 06:35:00;;filled;Grip;
2025.11.10 06:52:00;528;GOLD;buy;0.01 / 0.01;;0.00;4 014.06;4 099.06;2025.11.10 06:52:00;;filled;Grip;
2025.11.10 08:56:00;529;GOLD;buy;0.01 / 0.01;;0.00;4 032.63;4 117.63;2025.11.10 08:56:00;;filled;Grip;
2025.11.10 14:21:47;530;GOLD;sell;0.01 / 0.01;;0.00;;;2025.11.10 14:21:47;;filled;tp 4095.30;
2025.11.10 14:47:00;531;GOLD;buy;0.01 / 0.01;;0.00;4 054.54;4 139.54;2025.11.10 14:47:00;;filled;Grip;
2025.11.10 14:53:47;532;GOLD;sell;0.01 / 0.01;;0.00;;;2025.11.10 14:53:47;;filled;tp 4098.86;
2025.11.10 14:53:47;533;GOLD;sell;0.01 / 0.01;;0.00;;;2025.11.10 14:53:47;;filled;tp 4099.06;
2025.11.10 15:33:00;534;GOLD;buy;0.01 / 0.01;;0.00;4 062.12;4 147.12;2025.11.10 15:33:00;;filled;Grip;
2025.11.10 17:28:00;535;GOLD;buy;0.01 / 0.01;;0.00;4 049.61;4 134.61;2025.11.10 17:28:00;;filled;Grip;
2025.11.11 01:06:27;536;GOLD;sell;0.01 / 0.01;;0.00;;;2025.11.11 01:06:27;;filled;tp 4117.63;
2025.11.11 01:37:00;537;GOLD;buy;0.01 / 0.01;;0.00;4 079.38;4 164.38;2025.11.11 01:37:00;;filled;Grip;
2025.11.11 03:03:24;538;GOLD;sell;0.01 / 0.01;;0.00;;;2025.11.11 03:03:24;;filled;tp 4134.61;
2025.11.11 03:31:51;539;GOLD;sell;0.01 / 0.01;;0.00;;;2025.11.11 03:31:51;;filled;tp 4139.54;
2025.11.11 03:54:00;540;GOLD;buy;0.01 / 0.01;;0.00;4 095.97;4 180.97;2025.11.11 03:54:00;;filled;Grip;
2025.11.11 04:50:00;541;GOLD;buy;0.01 / 0.01;;0.00;4 096.90;4 181.90;2025.11.11 04:50:00;;filled;Grip;
2025.11.11 05:32:24;542;GOLD;sell;0.01 / 0.01;;0.00;;;2025.11.11 05:32:24;;filled;tp 4147.12;
2025.11.11 05:45:01;543;GOLD;buy;0.01 / 0.01;;0.00;4 105.05;4 190.05;2025.11.11 05:45:01;;filled;Grip;
2025.11.11 16:49:49;544;GOLD;sell;0.01 / 0.01;;0.00;;;2025.11.11 16:49:49;;filled;;
2025.11.11 16:49:49;545;GOLD;sell;0.01 / 0.01;;0.00;;;2025.11.11 16:49:49;;filled;;
2025.11.11 16:49:49;546;GOLD;sell;0.01 / 0.01;;0.00;;;2025.11.11 16:49:49;;filled;;
2025.11.11 16:49:50;547;GOLD;sell;0.01 / 0.01;;0.00;;;2025.11.11 16:49:50;;filled;;
2025.11.13 02:14:06;548;GOLD;buy;0.01 / 0.01;;0.00;4 150.41;4 235.41;2025.11.13 02:14:06;;filled;Grip;
2025.11.13 05:37:00;549;GOLD;buy;0.01 / 0.01;;0.00;4 161.86;4 246.86;2025.11.13 05:37:00;;filled;Grip;
2025.11.13 06:23:00;550;GOLD;buy;0.01 / 0.01;;0.00;4 171.16;4 256.16;2025.11.13 06:23:00;;filled;Grip;
2025.11.13 07:40:06;551;GOLD;buy;0.01 / 0.01;;0.00;4 176.26;4 261.26;2025.11.13 07:40:06;;filled;Grip;
2025.11.13 10:20:15;552;GOLD;sell;0.01 / 0.01;;0.00;;;2025.11.13 10:20:15;;filled;tp 4235.41;
2025.11.13 10:48:00;553;GOLD;buy;0.01 / 0.01;;0.00;4 194.46;4 279.46;2025.11.13 10:48:00;;filled;Grip;
2025.11.13 16:31:23;554;GOLD;sell;0.01 / 0.01;;0.00;;;2025.11.13 16:31:23;;filled;;
2025.11.13 16:31:23;555;GOLD;sell;0.01 / 0.01;;0.00;;;2025.11.13 16:31:23;;filled;;
2025.11.13 16:31:23;556;GOLD;sell;0.01 / 0.01;;0.00;;;2025.11.13 16:31:23;;filled;;
2025.11.13 16:31:23;557;GOLD;sell;0.01 / 0.01;;0.00;;;2025.11.13 16:31:23;;filled;;
2025.11.25 04:12:01;558;GOLD;buy;0.01 / 0.01;;0.00;4 096.53;4 181.53;2025.11.25 04:12:01;;filled;Grip;
2025.11.25 05:05:00;559;GOLD;buy;0.01 / 0.01;;0.00;4 108.80;4 193.80;2025.11.25 05:05:00;;filled;Grip;
2025.11.25 09:43:00;560;GOLD;buy;0.01 / 0.01;;0.00;4 097.85;4 182.85;2025.11.25 09:43:00;;filled;Grip;
2025.11.25 12:40:17;561;GOLD;buy;0.01 / 0.01;;0.00;4 091.56;4 176.56;2025.11.25 12:40:17;;filled;Grip;
2025.11.25 16:46:05;562;GOLD;sell;0.01 / 0.01;;0.00;;;2025.11.25 16:46:05;;filled;;
2025.11.25 16:46:05;563;GOLD;sell;0.01 / 0.01;;0.00;;;2025.11.25 16:46:05;;filled;;
2025.11.25 16:46:05;564;GOLD;sell;0.01 / 0.01;;0.00;;;2025.11.25 16:46:05;;filled;;
2025.11.25 16:46:05;565;GOLD;sell;0.01 / 0.01;;0.00;;;2025.11.25 16:46:05;;filled;;
2025.11.25 20:46:53;566;GOLD;buy;0.01 / 0.01;;0.00;4 101.45;4 186.45;2025.11.25 20:46:53;;filled;Grip;
2025.11.25 21:11:23;567;GOLD;buy;0.01 / 0.01;;0.00;4 100.16;4 185.16;2025.11.25 21:11:23;;filled;Grip;
2025.11.26 04:01:00;568;GOLD;buy;0.01 / 0.01;;0.00;4 108.19;4 193.19;2025.11.26 04:01:00;;filled;Grip;
2025.11.26 06:33:49;569;GOLD;buy;0.01 / 0.01;;0.00;4 120.28;4 205.28;2025.11.26 06:33:49;;filled;Grip;
2025.11.28 03:00:30;570;GOLD;sell;0.01 / 0.01;;0.00;;;2025.11.28 03:00:30;;filled;tp 4185.16;
2025.11.28 03:01:01;571;GOLD;sell;0.01 / 0.01;;0.00;;;2025.11.28 03:01:01;;filled;tp 4186.45;
2025.11.28 03:28:00;572;GOLD;buy;0.01 / 0.01;;0.00;4 148.25;4 233.25;2025.11.28 03:28:00;;filled;Grip;
2025.11.28 06:36:00;573;GOLD;buy;0.01 / 0.01;;0.00;4 144.56;4 229.56;2025.11.28 06:36:00;;filled;Grip;
2025.11.28 10:21:57;574;GOLD;sell;0.01 / 0.01;;0.00;;;2025.11.28 10:21:57;;filled;;
2025.11.28 10:21:57;575;GOLD;sell;0.01 / 0.01;;0.00;;;2025.11.28 10:21:57;;filled;;
2025.11.28 10:21:57;576;GOLD;sell;0.01 / 0.01;;0.00;;;2025.11.28 10:21:57;;filled;;
2025.11.28 10:21:57;577;GOLD;sell;0.01 / 0.01;;0.00;;;2025.11.28 10:21:57;;filled;;
2025.12.01 01:52:00;578;GOLD;buy;0.01 / 0.01;;0.00;4 184.02;4 269.02;2025.12.01 01:52:00;;filled;Grip;
2025.12.01 03:26:00;579;GOLD;buy;0.01 / 0.01;;0.00;4 190.26;4 275.26;2025.12.01 03:26:00;;filled;Grip;
2025.12.01 04:21:00;580;GOLD;buy;0.01 / 0.01;;0.00;4 206.53;4 291.53;2025.12.01 04:21:00;;filled;Grip;
2025.12.01 09:13:00;581;GOLD;buy;0.01 / 0.01;;0.00;4 197.85;4 282.85;2025.12.01 09:13:00;;filled;Grip;
2025.12.01 16:37:49;582;GOLD;sell;0.01 / 0.01;;0.00;;;2025.12.01 16:37:49;;filled;;
2025.12.01 16:37:49;583;GOLD;sell;0.01 / 0.01;;0.00;;;2025.12.01 16:37:49;;filled;;
2025.12.01 16:37:50;584;GOLD;sell;0.01 / 0.01;;0.00;;;2025.12.01 16:37:50;;filled;;
2025.12.01 16:37:50;585;GOLD;sell;0.01 / 0.01;;0.00;;;2025.12.01 16:37:50;;filled;;
2025.12.05 14:36:00;586;GOLD;buy;0.01 / 0.01;;0.00;4 184.52;4 269.52;2025.12.05 14:36:00;;filled;Grip;
2025.12.05 16:21:00;587;GOLD;buy;0.01 / 0.01;;0.00;4 194.47;4 279.47;2025.12.05 16:21:00;;filled;Grip;
2025.12.05 17:15:00;588;GOLD;buy;0.01 / 0.01;;0.00;4 200.00;4 285.00;2025.12.05 17:15:00;;filled;Grip;
2025.12.05 18:10:00;589;GOLD;sell;0.01 / 0.01;;0.00;;;2025.12.05 18:10:00;;filled;;
2025.12.05 18:10:00;590;GOLD;sell;0.01 / 0.01;;0.00;;;2025.12.05 18:10:00;;filled;;
2025.12.05 18:10:01;591;GOLD;sell;0.01 / 0.01;;0.00;;;2025.12.05 18:10:01;;filled;;
2025.12.11 23:06:01;592;GOLD;buy;0.01 / 0.01;;0.00;4 234.00;4 319.00;2025.12.11 23:06:01;;filled;Grip;
2025.12.12 01:14:01;593;GOLD;buy;0.01 / 0.01;;0.00;4 242.68;4 327.68;2025.12.12 01:14:01;;filled;Grip;
2025.12.12 04:41:00;594;GOLD;buy;0.01 / 0.01;;0.00;4 236.02;4 321.02;2025.12.12 04:41:00;;filled;Grip;
2025.12.12 09:02:55;595;GOLD;buy;0.01 / 0.01;;0.00;4 242.48;4 327.48;2025.12.12 09:02:55;;filled;Grip;
2025.12.12 11:56:09;596;GOLD;sell;0.01 / 0.01;;0.00;;;2025.12.12 11:56:09;;filled;tp 4319.00;
2025.12.12 12:21:17;597;GOLD;buy;0.01 / 0.01;;0.00;4 279.85;4 364.85;2025.12.12 12:21:17;;filled;Grip;
2025.12.12 12:21:49;598;GOLD;sell;0.01 / 0.01;;0.00;;;2025.12.12 12:21:49;;filled;tp 4321.02;
2025.12.12 12:44:35;599;GOLD;sell;0.01 / 0.01;;0.00;;;2025.12.12 12:44:35;;filled;tp 4327.48;
2025.12.12 12:44:35;600;GOLD;sell;0.01 / 0.01;;0.00;;;2025.12.12 12:44:35;;filled;tp 4327.68;
2025.12.12 13:31:00;601;GOLD;buy;0.01 / 0.01;;0.00;4 294.23;4 379.23;2025.12.12 13:31:00;;filled;Grip;
2025.12.12 16:01:00;602;GOLD;buy;0.01 / 0.01;;0.00;4 300.41;4 385.41;2025.12.12 16:01:00;;filled;Grip;
2025.12.12 17:20:58;603;GOLD;sell;0.01 / 0.01;;0.00;;;2025.12.12 17:20:58;;filled;;
2025.12.12 17:20:58;604;GOLD;sell;0.01 / 0.01;;0.00;;;2025.12.12 17:20:58;;filled;;
2025.12.12 17:20:58;605;GOLD;sell;0.01 / 0.01;;0.00;;;2025.12.12 17:20:58;;filled;;
2025.12.15 11:04:05;606;GOLD;buy;0.01 / 0.01;;0.00;4 305.94;4 390.94;2025.12.15 11:04:05;;filled;Grip;
2025.12.15 14:27:00;607;GOLD;buy;0.01 / 0.01;;0.00;4 304.93;4 389.93;2025.12.15 14:27:00;;filled;Grip;
2025.12.15 17:01:03;608;GOLD;sell;0.01 / 0.01;;0.00;;;2025.12.15 17:01:03;;filled;;
2025.12.15 17:01:04;609;GOLD;sell;0.01 / 0.01;;0.00;;;2025.12.15 17:01:04;;filled;;
2025.12.17 23:16:09;610;GOLD;buy;0.01 / 0.01;;0.00;4 305.28;4 390.28;2025.12.17 23:16:09;;filled;Grip;
2025.12.18 03:25:22;611;GOLD;sell;0.01 / 0.01;;0.00;;;2025.12.18 03:25:22;;filled;;
2025.12.22 06:19:00;612;GOLD;buy;0.01 / 0.01;;0.00;4 354.81;4 439.81;2025.12.22 06:19:00;;filled;Grip;
2025.12.22 08:07:00;613;GOLD;buy;0.01 / 0.01;;0.00;4 361.07;4 446.07;2025.12.22 08:07:00;;filled;Grip;
2025.12.22 09:14:02;614;GOLD;buy;0.01 / 0.01;;0.00;4 371.45;4 456.45;2025.12.22 09:14:02;;filled;Grip;
2025.12.22 18:18:32;615;GOLD;sell;0.01 / 0.01;;0.00;;;2025.12.22 18:18:32;;filled;tp 4439.81;
2025.12.22 18:40:00;616;GOLD;buy;0.01 / 0.01;;0.00;4 397.17;4 482.17;2025.12.22 18:40:00;;filled;Grip;
2025.12.22 21:59:00;617;GOLD;buy;0.01 / 0.01;;0.00;4 393.86;4 478.86;2025.12.22 21:59:00;;filled;Grip;
2025.12.22 23:26:49;618;GOLD;sell;0.01 / 0.01;;0.00;;;2025.12.22 23:26:49;;filled;tp 4446.07;
2025.12.22 23:55:00;619;GOLD;buy;0.01 / 0.01;;0.00;4 405.33;4 490.33;2025.12.22 23:55:00;;filled;Grip;
2025.12.23 01:15:28;620;GOLD;sell;0.01 / 0.01;;0.00;;;2025.12.23 01:15:28;;filled;tp 4456.45;
2025.12.23 03:04:42;621;GOLD;sell;0.01 / 0.01;;0.00;;;2025.12.23 03:04:42;;filled;tp 4478.86;
2025.12.23 03:10:03;622;GOLD;sell;0.01 / 0.01;;0.00;;;2025.12.23 03:10:03;;filled;tp 4482.17;
2025.12.23 03:38:00;623;GOLD;buy;0.01 / 0.01;;0.00;4 444.75;4 529.75;2025.12.23 03:38:00;;filled;Grip;
2025.12.23 03:55:02;624;GOLD;sell;0.01 / 0.01;;0.00;;;2025.12.23 03:55:02;;filled;tp 4490.33;
2025.12.23 04:59:59;625;GOLD;buy;0.01 / 0.01;;0.00;4 452.94;4 537.94;2025.12.23 04:59:59;;filled;Grip;
2025.12.23 07:07:01;626;GOLD;buy;0.01 / 0.01;;0.00;4 444.85;4 529.85;2025.12.23 07:07:01;;filled;Grip;
2025.12.23 08:12:08;627;GOLD;sell;0.01 / 0.01;;0.00;;;2025.12.23 08:12:08;;filled;;
2025.12.23 08:12:08;628;GOLD;sell;0.01 / 0.01;;0.00;;;2025.12.23 08:12:08;;filled;;
2025.12.23 08:12:08;629;GOLD;sell;0.01 / 0.01;;0.00;;;2025.12.23 08:12:08;;filled;;
2025.12.26 18:22:00;630;GOLD;buy;0.01 / 0.01;;0.00;4 503.41;4 588.41;2025.12.26 18:22:00;;filled;Grip;
2025.12.26 21:07:46;631;GOLD;buy;0.01 / 0.01;;0.00;4 488.89;4 573.89;2025.12.26 21:07:46;;filled;Grip;
2025.12.26 21:43:13;632;GOLD;buy;0.01 / 0.01;;0.00;4 487.81;4 572.81;2025.12.26 21:43:13;;filled;Grip;
2025.12.29 02:20:32;633;GOLD;sell;0.01 / 0.01;;0.00;;;2025.12.29 02:20:32;;filled;;
2025.12.29 02:20:32;634;GOLD;sell;0.01 / 0.01;;0.00;;;2025.12.29 02:20:32;;filled;;
2025.12.29 02:20:32;635;GOLD;sell;0.01 / 0.01;;0.00;;;2025.12.29 02:20:32;;filled;;
2026.01.05 12:59:20;636;GOLD;buy;0.01 / 0.01;;0.00;4 396.65;4 481.65;2026.01.05 12:59:20;;filled;Grip;
2026.01.05 13:39:00;637;GOLD;buy;0.01 / 0.01;;0.00;4 381.86;4 466.86;2026.01.05 13:39:00;;filled;Grip;
2026.01.05 14:42:56;638;GOLD;sell;0.01 / 0.01;;0.00;;;2026.01.05 14:42:56;;filled;;
2026.01.05 14:42:56;639;GOLD;sell;0.01 / 0.01;;0.00;;;2026.01.05 14:42:56;;filled;;
2026.01.06 10:49:00;640;GOLD;buy;0.01 / 0.01;;0.00;4 426.25;4 511.25;2026.01.06 10:49:00;;filled;Grip;
2026.01.06 12:03:14;641;GOLD;sell;0.01 / 0.01;;0.00;;;2026.01.06 12:03:14;;filled;;
2026.01.06 20:04:33;642;GOLD;buy;0.01 / 0.01;;0.00;4 449.76;4 534.76;2026.01.06 20:04:33;;filled;Grip;
2026.01.06 21:46:00;643;GOLD;buy;0.01 / 0.01;;0.00;4 443.98;4 528.98;2026.01.06 21:46:00;;filled;Grip;
2026.01.06 23:23:00;644;GOLD;buy;0.01 / 0.01;;0.00;4 453.79;4 538.79;2026.01.06 23:23:00;;filled;Grip;
2026.01.07 01:31:04;645;GOLD;buy;0.01 / 0.01;;0.00;4 458.88;4 543.88;2026.01.07 01:31:04;;filled;Grip;
2026.01.07 03:57:09;646;GOLD;sell;0.01 / 0.01;;0.00;;;2026.01.07 03:57:09;;filled;;
2026.01.07 03:57:10;647;GOLD;sell;0.01 / 0.01;;0.00;;;2026.01.07 03:57:10;;filled;;
2026.01.07 03:57:10;648;GOLD;sell;0.01 / 0.01;;0.00;;;2026.01.07 03:57:10;;filled;;
2026.01.07 03:57:10;649;GOLD;sell;0.01 / 0.01;;0.00;;;2026.01.07 03:57:10;;filled;;
2026.01.09 12:59:01;650;GOLD;buy;0.01 / 0.01;;0.00;4 432.06;4 517.06;2026.01.09 12:59:01;;filled;Grip;
2026.01.09 16:06:00;651;GOLD;buy;0.01 / 0.01;;0.00;4 441.64;4 526.64;2026.01.09 16:06:00;;filled;Grip;
2026.01.09 17:01:00;652;GOLD;buy;0.01 / 0.01;;0.00;4 454.32;4 539.32;2026.01.09 17:01:00;;filled;Grip;
2026.01.09 20:14:00;653;GOLD;buy;0.01 / 0.01;;0.00;4 452.20;4 537.20;2026.01.09 20:14:00;;filled;Grip;
2026.01.12 01:03:25;654;GOLD;sell;0.01 / 0.01;;0.00;;;2026.01.12 01:03:25;;filled;tp 4517.06;
2026.01.12 01:06:40;655;GOLD;sell;0.01 / 0.01;;0.00;;;2026.01.12 01:06:40;;filled;tp 4526.64;
2026.01.12 01:29:46;656;GOLD;sell;0.01 / 0.01;;0.00;;;2026.01.12 01:29:46;;filled;tp 4537.20;
2026.01.12 01:41:01;657;GOLD;sell;0.01 / 0.01;;0.00;;;2026.01.12 01:41:01;;filled;tp 4539.32;
2026.01.12 03:28:00;658;GOLD;buy;0.01 / 0.01;;0.00;4 537.20;4 622.20;2026.01.12 03:28:00;;filled;Grip;
2026.01.12 03:59:35;659;GOLD;sell;0.01 / 0.01;;0.00;;;2026.01.12 03:59:35;;filled;;
2026.01.12 13:42:29;660;GOLD;buy;0.01 / 0.01;;0.00;4 551.64;4 636.64;2026.01.12 13:42:29;;filled;Grip;
2026.01.12 16:10:14;661;GOLD;sell;0.01 / 0.01;;0.00;;;2026.01.12 16:10:14;;filled;;
2026.01.20 14:40:45;662;GOLD;buy;0.01 / 0.01;;0.00;4 688.77;4 773.77;2026.01.20 14:40:45;;filled;Grip;
2026.01.20 17:37:01;663;GOLD;buy;0.01 / 0.01;;0.00;4 686.22;4 771.22;2026.01.20 17:37:01;;filled;Grip;
2026.01.20 18:42:00;664;GOLD;buy;0.01 / 0.01;;0.00;4 702.57;4 787.57;2026.01.20 18:42:00;;filled;Grip;
2026.01.20 20:27:46;665;GOLD;buy;0.01 / 0.01;;0.00;4 720.79;4 805.79;2026.01.20 20:27:46;;filled;Grip;
2026.01.21 01:44:18;666;GOLD;sell;0.01 / 0.01;;0.00;;;2026.01.21 01:44:18;;filled;tp 4771.22;
2026.01.21 01:45:00;667;GOLD;sell;0.01 / 0.01;;0.00;;;2026.01.21 01:45:00;;filled;tp 4773.77;
2026.01.21 02:13:00;668;GOLD;buy;0.01 / 0.01;;0.00;4 736.21;4 821.21;2026.01.21 02:13:00;;filled;Grip;
2026.01.21 03:01:09;669;GOLD;sell;0.01 / 0.01;;0.00;;;2026.01.21 03:01:09;;filled;tp 4787.57;
2026.01.21 03:13:59;670;GOLD;sell;0.01 / 0.01;;0.00;;;2026.01.21 03:13:59;;filled;tp 4805.79;
2026.01.21 03:27:21;671;GOLD;sell;0.01 / 0.01;;0.00;;;2026.01.21 03:27:21;;filled;tp 4821.21;
2026.01.21 04:19:01;672;GOLD;buy;0.01 / 0.01;;0.00;4 786.33;4 871.33;2026.01.21 04:19:01;;filled;Grip;
2026.01.21 05:32:38;673;GOLD;buy;0.01 / 0.01;;0.00;4 797.02;4 882.02;2026.01.21 05:32:38;;filled;Grip;
2026.01.21 07:08:00;674;GOLD;buy;0.01 / 0.01;;0.00;4 820.69;4 905.69;2026.01.21 07:08:00;;filled;Grip;
2026.01.21 07:18:26;675;GOLD;sell;0.01 / 0.01;;0.00;;;2026.01.21 07:18:26;;filled;tp 4871.33;
2026.01.21 08:00:00;676;GOLD;buy;0.01 / 0.01;;0.00;4 830.34;4 915.34;2026.01.21 08:00:00;;filled;Grip;
2026.01.21 08:25:23;677;GOLD;sell;0.01 / 0.01;;0.00;;;2026.01.21 08:25:23;;filled;tp 4882.02;
2026.01.21 08:43:20;678;GOLD;sell;0.01 / 0.01;;0.00;;;2026.01.21 08:43:20;;filled;;
2026.01.21 08:43:20;679;GOLD;sell;0.01 / 0.01;;0.00;;;2026.01.21 08:43:20;;filled;;
2026.01.22 22:46:00;680;GOLD;buy;0.01 / 0.01;;0.00;4 883.58;4 968.58;2026.01.22 22:46:00;;filled;Grip;
2026.01.22 23:14:15;681;GOLD;buy;0.01 / 0.01;;0.00;4 883.52;4 968.52;2026.01.22 23:14:15;;filled;Grip;
2026.01.23 01:27:00;682;GOLD;buy;0.01 / 0.01;;0.00;4 901.85;4 986.85;2026.01.23 01:27:00;;filled;Grip;
2026.01.23 01:30:57;683;GOLD;sell;0.01 / 0.01;;0.00;;;2026.01.23 01:30:57;;filled;;
2026.01.23 01:30:57;684;GOLD;sell;0.01 / 0.01;;0.00;;;2026.01.23 01:30:57;;filled;;
2026.01.23 01:30:57;685;GOLD;sell;0.01 / 0.01;;0.00;;;2026.01.23 01:30:57;;filled;;
2026.01.23 22:15:00;686;GOLD;buy;0.01 / 0.01;;0.00;4 941.65;5 026.65;2026.01.23 22:15:00;;filled;Grip;
2026.01.26 01:03:03;687;GOLD;sell;0.01 / 0.01;;0.00;;;2026.01.26 01:03:03;;filled;tp 5026.65;
2026.01.26 01:45:00;688;GOLD;buy;0.01 / 0.01;;0.00;4 985.21;5 070.21;2026.01.26 01:45:00;;filled;Grip;
2026.01.26 02:25:52;689;GOLD;buy;0.01 / 0.01;;0.00;4 998.06;5 083.06;2026.01.26 02:25:52;;filled;Grip;
2026.01.26 03:25:17;690;GOLD;sell;0.01 / 0.01;;0.00;;;2026.01.26 03:25:17;;filled;tp 5070.21;
2026.01.26 03:34:47;691;GOLD;sell;0.01 / 0.01;;0.00;;;2026.01.26 03:34:47;;filled;tp 5083.06;
2026.01.28 08:14:00;692;GOLD;buy;0.01 / 0.01;;0.00;5 219.91;5 304.91;2026.01.28 08:14:00;;filled;Grip;
2026.01.28 09:46:00;693;GOLD;buy;0.01 / 0.01;;0.00;5 239.30;5 324.30;2026.01.28 09:46:00;;filled;Grip;
2026.01.28 10:32:34;694;GOLD;sell;0.01 / 0.01;;0.00;;;2026.01.28 10:32:34;;filled;tp 5304.91;
2026.01.28 10:45:31;695;GOLD;sell;0.01 / 0.01;;0.00;;;2026.01.28 10:45:31;;filled;;
2026.02.06 19:29:00;696;GOLD;buy;0.01 / 0.01;;0.00;4 914.30;4 999.30;2026.02.06 19:29:00;;filled;Grip;
2026.02.06 19:30:31;697;GOLD;buy;0.01 / 0.01;;0.00;4 922.40;5 007.40;2026.02.06 19:30:31;;filled;Grip;
2026.02.06 19:56:35;698;GOLD;buy;0.01 / 0.01;;0.00;4 923.16;5 008.16;2026.02.06 19:56:35;;filled;Grip;
2026.02.06 21:46:10;699;GOLD;buy;0.01 / 0.01;;0.00;4 915.69;5 000.69;2026.02.06 21:46:10;;filled;Grip;
2026.02.09 01:25:09;700;GOLD;sell;0.01 / 0.01;;0.00;;;2026.02.09 01:25:09;;filled;tp 4999.30;
2026.02.09 01:25:16;701;GOLD;sell;0.01 / 0.01;;0.00;;;2026.02.09 01:25:16;;filled;tp 5000.69;
2026.02.09 01:25:49;702;GOLD;sell;0.01 / 0.01;;0.00;;;2026.02.09 01:25:49;;filled;tp 5007.40;
2026.02.09 01:25:53;703;GOLD;sell;0.01 / 0.01;;0.00;;;2026.02.09 01:25:53;;filled;tp 5008.16;
2026.02.09 02:22:00;704;GOLD;buy;0.01 / 0.01;;0.00;4 993.92;5 078.92;2026.02.09 02:22:00;;filled;Grip;
2026.02.09 03:01:30;705;GOLD;buy;0.01 / 0.01;;0.00;4 990.48;5 075.48;2026.02.09 03:01:30;;filled;Grip;
2026.02.09 03:07:16;706;GOLD;sell;0.01 / 0.01;;0.00;;;2026.02.09 03:07:16;;filled;;
2026.02.09 03:07:16;707;GOLD;sell;0.01 / 0.01;;0.00;;;2026.02.09 03:07:16;;filled;;
2026.02.20 23:23:00;708;GOLD;buy;0.01 / 0.01;;0.00;5 055.37;5 140.37;2026.02.20 23:23:00;;filled;Grip;
2026.02.23 01:10:11;709;GOLD;sell;0.01 / 0.01;;0.00;;;2026.02.23 01:10:11;;filled;tp 5140.37;
2026.02.24 01:42:03;710;GOLD;buy;0.01 / 0.01;;0.00;5 198.90;5 283.90;2026.02.24 01:42:03;;filled;Grip;
2026.02.24 02:16:00;711;GOLD;buy;0.01 / 0.01;;0.00;5 191.17;5 276.17;2026.02.24 02:16:00;;filled;Grip;
2026.02.24 03:00:08;712;GOLD;sell;0.01 / 0.01;;0.00;;;2026.02.24 03:00:08;;filled;;
2026.02.24 03:00:08;713;GOLD;sell;0.01 / 0.01;;0.00;;;2026.02.24 03:00:08;;filled;;
2026.02.27 23:11:00;714;GOLD;buy;0.01 / 0.01;;0.00;5 221.60;5 306.60;2026.02.27 23:11:00;;filled;Grip;
2026.03.02 01:02:00;715;GOLD;sell;0.01 / 0.01;;0.00;;;2026.03.02 01:02:00;;filled;tp 5306.60;
2026.03.10 04:22:00;716;GOLD;buy;0.01 / 0.01;;0.00;5 137.19;5 222.19;2026.03.10 04:22:00;;filled;Grip;
2026.03.10 06:40:30;717;GOLD;buy;0.01 / 0.01;;0.00;5 124.84;5 209.84;2026.03.10 06:40:30;;filled;Grip;
2026.03.10 08:23:00;718;GOLD;buy;0.01 / 0.01;;0.00;5 137.76;5 222.76;2026.03.10 08:23:00;;filled;Grip;
2026.03.10 10:29:34;719;GOLD;buy;0.01 / 0.01;;0.00;5 144.10;5 229.10;2026.03.10 10:29:34;;filled;Grip;
2026.03.10 15:18:22;720;GOLD;sell;0.01 / 0.01;;0.00;;;2026.03.10 15:18:22;;filled;tp 5209.84;
2026.03.10 15:24:05;721;GOLD;sell;0.01 / 0.01;;0.00;;;2026.03.10 15:24:05;;filled;tp 5222.19;
2026.03.10 15:24:06;722;GOLD;sell;0.01 / 0.01;;0.00;;;2026.03.10 15:24:06;;filled;tp 5222.76;
2026.03.10 15:58:00;723;GOLD;buy;0.01 / 0.01;;0.00;5 174.81;5 259.81;2026.03.10 15:58:00;;filled;Grip;
2026.03.10 16:07:43;724;GOLD;sell;0.01 / 0.01;;0.00;;;2026.03.10 16:07:43;;filled;;
2026.03.10 16:07:43;725;GOLD;sell;0.01 / 0.01;;0.00;;;2026.03.10 16:07:43;;filled;;
2026.03.20 07:19:24;726;GOLD;buy;0.01 / 0.01;;0.00;4 679.37;4 764.37;2026.03.20 07:19:24;;filled;Grip;
2026.03.20 07:48:12;727;GOLD;sell;0.01 / 0.01;;0.00;;;2026.03.20 07:48:12;;filled;;
2026.04.08 01:32:58;728;GOLD;buy;0.01 / 0.01;;0.00;4 688.05;4 773.05;2026.04.08 01:32:58;;filled;Grip;
2026.04.08 01:39:35;729;GOLD;sell;0.01 / 0.01;;0.00;;;2026.04.08 01:39:35;;filled;tp 4773.05;
2026.04.08 02:29:00;730;GOLD;buy;0.01 / 0.01;;0.00;4 774.76;4 859.76;2026.04.08 02:29:00;;filled;Grip;
2026.04.08 02:39:18;731;GOLD;sell;0.01 / 0.01;;0.00;;;2026.04.08 02:39:18;;filled;;
2026.04.14 09:26:00;732;GOLD;buy;0.01 / 0.01;;0.00;4 725.44;4 810.44;2026.04.14 09:26:00;;filled;Grip;
2026.04.14 10:34:00;733;GOLD;buy;0.01 / 0.01;;0.00;4 734.77;4 819.77;2026.04.14 10:34:00;;filled;Grip;
2026.04.14 11:59:43;734;GOLD;buy;0.01 / 0.01;;0.00;4 745.77;4 830.77;2026.04.14 11:59:43;;filled;Grip;
2026.04.14 13:39:02;735;GOLD;sell;0.01 / 0.01;;0.00;;;2026.04.14 13:39:02;;filled;;
2026.04.14 13:39:02;736;GOLD;sell;0.01 / 0.01;;0.00;;;2026.04.14 13:39:02;;filled;;
2026.04.14 13:39:03;737;GOLD;sell;0.01 / 0.01;;0.00;;;2026.04.14 13:39:03;;filled;;
2026.04.14 20:03:36;738;GOLD;buy;0.01 / 0.01;;0.00;4 777.58;4 862.58;2026.04.14 20:03:36;;filled;Grip;
2026.04.14 21:04:00;739;GOLD;buy;0.01 / 0.01;;0.00;4 796.89;4 881.89;2026.04.14 21:04:00;;filled;Grip;
2026.04.14 22:29:52;740;GOLD;buy;0.01 / 0.01;;0.00;4 801.47;4 886.47;2026.04.14 22:29:52;;filled;Grip;
2026.04.15 04:16:15;741;GOLD;sell;0.01 / 0.01;;0.00;;;2026.04.15 04:16:15;;filled;tp 4862.58;
2026.04.15 05:25:31;742;GOLD;sell;0.01 / 0.01;;0.00;;;2026.04.15 05:25:31;;filled;;
2026.04.15 05:25:31;743;GOLD;sell;0.01 / 0.01;;0.00;;;2026.04.15 05:25:31;;filled;;
2026.05.06 09:37:00;744;GOLD;buy;0.01 / 0.01;;0.00;4 622.78;4 707.78;2026.05.06 09:37:00;;filled;Grip;
2026.05.06 11:25:00;745;GOLD;buy;0.01 / 0.01;;0.00;4 638.73;4 723.73;2026.05.06 11:25:00;;filled;Grip;
2026.05.06 11:42:51;746;GOLD;buy;0.01 / 0.01;;0.00;4 637.58;4 722.58;2026.05.06 11:42:51;;filled;Grip;
2026.05.06 12:00:23;747;GOLD;sell;0.01 / 0.01;;0.00;;;2026.05.06 12:00:23;;filled;tp 4707.78;
2026.05.06 13:00:30;748;GOLD;buy;0.01 / 0.01;;0.00;4 665.73;4 750.73;2026.05.06 13:00:30;;filled;Grip;
2026.05.06 13:54:06;749;GOLD;sell;0.01 / 0.01;;0.00;;;2026.05.06 13:54:06;;filled;tp 4722.58;
2026.05.06 14:18:00;750;GOLD;buy;0.01 / 0.01;;0.00;4 672.32;4 757.32;2026.05.06 14:18:00;;filled;Grip;
2026.05.06 14:57:05;751;GOLD;sell;0.01 / 0.01;;0.00;;;2026.05.06 14:57:05;;filled;;
2026.05.06 14:57:05;752;GOLD;sell;0.01 / 0.01;;0.00;;;2026.05.06 14:57:05;;filled;;
2026.05.06 14:57:05;753;GOLD;sell;0.01 / 0.01;;0.00;;;2026.05.06 14:57:05;;filled;;
2026.05.07 17:51:01;754;GOLD;buy;0.01 / 0.01;;0.00;4 719.51;4 804.51;2026.05.07 17:51:01;;filled;Grip;
2026.05.07 18:58:19;755;GOLD;sell;0.01 / 0.01;;0.00;;;2026.05.07 18:58:19;;filled;;
2026.05.21 04:51:00;756;GOLD;buy;0.01 / 0.01;;0.00;4 524.10;4 609.10;2026.05.21 04:51:00;;filled;Grip;
2026.05.21 05:33:57;757;GOLD;sell;0.01 / 0.01;;0.00;;;2026.05.21 05:33:57;;filled;;
2026.05.25 12:29:00;758;GOLD;buy;0.01 / 0.01;;0.00;4 518.63;4 603.63;2026.05.25 12:29:00;;filled;Grip;
2026.05.25 13:40:00;759;GOLD;buy;0.01 / 0.01;;0.00;4 531.18;4 616.18;2026.05.25 13:40:00;;filled;Grip;
2026.05.25 14:13:00;760;GOLD;buy;0.01 / 0.01;;0.00;4 529.97;4 614.97;2026.05.25 14:13:00;;filled;Grip;
2026.05.25 14:43:00;761;GOLD;buy;0.01 / 0.01;;0.00;4 534.95;4 619.95;2026.05.25 14:43:00;;filled;Grip;
2026.05.26 03:18:55;762;GOLD;sell;0.01 / 0.01;;0.00;;;2026.05.26 03:18:55;;filled;;
2026.05.26 03:18:56;763;GOLD;sell;0.01 / 0.01;;0.00;;;2026.05.26 03:18:56;;filled;;
2026.05.26 03:18:56;764;GOLD;sell;0.01 / 0.01;;0.00;;;2026.05.26 03:18:56;;filled;;
2026.05.26 03:18:56;765;GOLD;sell;0.01 / 0.01;;0.00;;;2026.05.26 03:18:56;;filled;;
2026.05.29 10:32:26;766;GOLD;buy;0.01 / 0.01;;0.00;4 476.55;4 561.55;2026.05.29 10:32:26;;filled;Grip;
2026.05.29 11:02:00;767;GOLD;buy;0.01 / 0.01;;0.00;4 482.04;4 567.04;2026.05.29 11:02:00;;filled;Grip;
2026.05.29 11:57:58;768;GOLD;buy;0.01 / 0.01;;0.00;4 475.12;4 560.12;2026.05.29 11:57:58;;filled;Grip;
2026.05.29 13:59:00;769;GOLD;buy;0.01 / 0.01;;0.00;4 497.23;4 582.23;2026.05.29 13:59:00;;filled;Grip;
2026.05.29 15:42:00;770;GOLD;sell;0.01 / 0.01;;0.00;;;2026.05.29 15:42:00;;filled;;
2026.05.29 15:42:00;771;GOLD;sell;0.01 / 0.01;;0.00;;;2026.05.29 15:42:00;;filled;;
2026.05.29 15:42:00;772;GOLD;sell;0.01 / 0.01;;0.00;;;2026.05.29 15:42:00;;filled;;
2026.05.29 15:42:01;773;GOLD;sell;0.01 / 0.01;;0.00;;;2026.05.29 15:42:01;;filled;;
2026.06.26 19:05:00;774;GOLD;buy;0.01 / 0.01;;0.00;4 051.79;4 136.79;2026.06.26 19:05:00;;filled;Grip;
2026.06.26 23:23:27;775;GOLD;buy;0.01 / 0.01;;0.00;4 031.51;4 116.51;2026.06.26 23:23:27;;filled;Grip;
2026.06.29 02:32:14;776;GOLD;sell;0.01 / 0.01;;0.00;;;2026.06.29 02:32:14;;filled;sl 4051.79;
2026.06.29 03:27:46;777;GOLD;sell;0.01 / 0.01;;0.00;;;2026.06.29 03:27:46;;filled;;
2026.07.02 23:56:13;778;GOLD;buy;0.01 / 0.01;;0.00;4 083.28;4 168.28;2026.07.02 23:56:13;;filled;Grip;
2026.07.03 01:34:21;779;GOLD;buy;0.01 / 0.01;;0.00;4 085.88;4 170.88;2026.07.03 01:34:21;;filled;Grip;
2026.07.03 03:49:00;780;GOLD;buy;0.01 / 0.01;;0.00;4 098.96;4 183.96;2026.07.03 03:49:00;;filled;Grip;
2026.07.03 04:08:21;781;GOLD;sell;0.01 / 0.01;;0.00;;;2026.07.03 04:08:21;;filled;tp 4168.28;
2026.07.03 04:08:31;782;GOLD;sell;0.01 / 0.01;;0.00;;;2026.07.03 04:08:31;;filled;tp 4170.88;
2026.07.03 04:20:37;783;GOLD;sell;0.01 / 0.01;;0.00;;;2026.07.03 04:20:37;;filled;tp 4183.96;
2026.07.10 02:46:27;784;GOLD;buy;0.01 / 0.01;;0.00;4 084.44;4 169.44;2026.07.10 02:46:27;;filled;Grip;
2026.07.10 03:34:05;785;GOLD;sell;0.01 / 0.01;;0.00;;;2026.07.10 03:34:05;;filled;;
2026.07.21 17:00:49;786;GOLD;buy;0.01 / 0.01;;0.00;4 014.95;4 099.95;2026.07.21 17:00:49;;filled;Grip;
2026.07.21 17:39:00;787;GOLD;buy;0.01 / 0.01;;0.00;4 023.67;4 108.67;2026.07.21 17:39:00;;filled;Grip;
2026.07.21 17:57:22;788;GOLD;buy;0.01 / 0.01;;0.00;4 030.65;4 115.65;2026.07.21 17:57:22;;filled;Grip;
2026.07.21 21:50:00;789;GOLD;buy;0.01 / 0.01;;0.00;4 041.13;4 126.13;2026.07.21 21:50:00;;filled;Grip;
2026.07.22 03:30:13;790;GOLD;sell;0.01 / 0.01;;0.00;;;2026.07.22 03:30:13;;filled;tp 4099.95;
2026.07.22 03:56:00;791;GOLD;buy;0.01 / 0.01;;0.00;4 054.76;4 139.76;2026.07.22 03:56:00;;filled;Grip;
2026.07.22 04:00:55;792;GOLD;sell;0.01 / 0.01;;0.00;;;2026.07.22 04:00:55;;filled;tp 4108.67;
2026.07.22 04:08:23;793;GOLD;sell;0.01 / 0.01;;0.00;;;2026.07.22 04:08:23;;filled;tp 4115.65;
2026.07.22 04:32:00;794;GOLD;buy;0.01 / 0.01;;0.00;4 074.24;4 159.24;2026.07.22 04:32:00;;filled;Grip;
2026.07.22 05:08:00;795;GOLD;buy;0.01 / 0.01;;0.00;4 081.01;4 166.01;2026.07.22 05:08:00;;filled;Grip;
2026.07.22 05:32:06;796;GOLD;sell;0.01 / 0.01;;0.00;;;2026.07.22 05:32:06;;filled;tp 4126.13;
2026.07.22 05:58:00;797;GOLD;buy;0.01 / 0.01;;0.00;4 087.85;4 172.85;2026.07.22 05:58:00;;filled;Grip;
2026.07.22 06:07:25;798;GOLD;sell;0.01 / 0.01;;0.00;;;2026.07.22 06:07:25;;filled;tp 4139.76;
2026.07.22 06:32:00;799;GOLD;buy;0.01 / 0.01;;0.00;4 096.89;4 181.89;2026.07.22 06:32:00;;filled;Grip;
2026.07.22 15:56:54;800;GOLD;sell;0.01 / 0.01;;0.00;;;2026.07.22 15:56:54;;filled;;
2026.07.22 15:56:54;801;GOLD;sell;0.01 / 0.01;;0.00;;;2026.07.22 15:56:54;;filled;;
2026.07.22 15:56:54;802;GOLD;sell;0.01 / 0.01;;0.00;;;2026.07.22 15:56:54;;filled;;
2026.07.22 15:56:54;803;GOLD;sell;0.01 / 0.01;;0.00;;;2026.07.22 15:56:54;;filled;;