Time;Deal;Symbol;Type;Direction;Volume;Price;Order;Commission;Swap;Profit;Balance;Comment;
2025.01.01 00:00:00;1;;balance;;;;;0.00;0.00;1 000.00;1 000.00;;
2025.01.16 19:20:00;2;GOLD;buy;in;0.01;2 722.37;2;0.00;0.00;0.00;1 000.00;Grip;
2025.01.16 21:05:17;3;GOLD;buy;in;0.01;2 717.42;3;0.00;0.00;0.00;1 000.00;Grip;
2025.01.17 01:10:00;4;GOLD;buy;in;0.01;2 715.24;4;0.00;0.00;0.00;1 000.00;Grip;
2025.01.17 02:13:00;5;GOLD;buy;in;0.01;2 714.92;5;0.00;0.00;0.00;1 000.00;Grip;
2025.01.17 12:41:39;6;GOLD;sell;out;0.01;2 702.77;6;0.00;0.00;- 19.60; 980.40;;
2025.01.17 12:41:40;7;GOLD;sell;out;0.01;2 702.76;7;0.00;0.00;- 14.66; 965.74;;
2025.01.17 12:41:40;8;GOLD;sell;out;0.01;2 702.84;8;0.00;0.00;- 12.40; 953.34;;
2025.01.17 12:41:40;9;GOLD;sell;out;0.01;2 702.84;9;0.00;0.00;- 12.08; 941.26;;
2025.01.21 14:16:00;10;GOLD;buy;in;0.01;2 723.57;10;0.00;0.00;0.00; 941.26;Grip;
2025.01.21 16:08:00;11;GOLD;buy;in;0.01;2 726.89;11;0.00;0.00;0.00; 941.26;Grip;
2025.01.21 17:28:00;12;GOLD;buy;in;0.01;2 736.47;12;0.00;0.00;0.00; 941.26;Grip;
2025.01.21 18:47:51;13;GOLD;buy;in;0.01;2 743.11;13;0.00;0.00;0.00; 941.26;Grip;
2025.01.24 04:14:43;14;GOLD;sell;out;0.01;2 768.53;14;0.00;0.00; 44.96; 986.22;tp 2768.53;
2025.01.24 04:38:02;15;GOLD;sell;out;0.01;2 771.92;15;0.00;0.00; 45.03;1 031.25;tp 2771.88;
2025.01.24 05:29:00;16;GOLD;buy;in;0.01;2 773.05;16;0.00;0.00;0.00;1 031.25;Grip;
2025.01.24 08:32:00;17;GOLD;buy;in;0.01;2 776.88;17;0.00;0.00;0.00;1 031.25;Grip;
2025.01.24 15:13:17;18;GOLD;sell;out;0.01;2 781.51;18;0.00;0.00; 45.04;1 076.29;tp 2781.51;
2025.01.24 16:45:01;19;GOLD;buy;in;0.01;2 782.27;19;0.00;0.00;0.00;1 076.29;Grip;
2025.01.27 09:28:51;20;GOLD;sell;out;0.01;2 748.22;20;0.00;0.00; 5.11;1 081.40;;
2025.01.27 09:28:51;21;GOLD;sell;out;0.01;2 748.24;21;0.00;0.00;- 24.81;1 056.59;;
2025.01.27 09:28:52;22;GOLD;sell;out;0.01;2 748.15;22;0.00;0.00;- 28.73;1 027.86;;
2025.01.27 09:28:52;23;GOLD;sell;out;0.01;2 747.99;23;0.00;0.00;- 34.28; 993.58;;
2025.01.28 21:58:00;24;GOLD;buy;in;0.01;2 765.03;24;0.00;0.00;0.00; 993.58;Grip;
2025.01.28 22:13:58;25;GOLD;buy;in;0.01;2 764.85;25;0.00;0.00;0.00; 993.58;Grip;
2025.01.28 22:36:00;26;GOLD;buy;in;0.01;2 764.36;26;0.00;0.00;0.00; 993.58;Grip;
2025.01.29 04:33:13;27;GOLD;buy;in;0.01;2 765.58;27;0.00;0.00;0.00; 993.58;Grip;
2025.01.29 21:00:26;28;GOLD;sell;out;0.01;2 747.73;28;0.00;0.00;- 17.30; 976.28;;
2025.01.29 21:00:26;29;GOLD;sell;out;0.01;2 747.77;29;0.00;0.00;- 17.08; 959.20;;
2025.01.29 21:00:26;30;GOLD;sell;out;0.01;2 747.49;30;0.00;0.00;- 16.87; 942.33;;
2025.01.29 21:00:26;31;GOLD;sell;out;0.01;2 747.55;31;0.00;0.00;- 18.03; 924.30;;
2025.01.30 06:29:00;32;GOLD;buy;in;0.01;2 762.40;32;0.00;0.00;0.00; 924.30;Grip;
2025.01.30 07:09:50;33;GOLD;buy;in;0.01;2 761.29;33;0.00;0.00;0.00; 924.30;Grip;
2025.01.30 07:55:00;34;GOLD;buy;in;0.01;2 760.75;34;0.00;0.00;0.00; 924.30;Grip;
2025.01.30 09:36:04;35;GOLD;buy;in;0.01;2 766.08;35;0.00;0.00;0.00; 924.30;Grip;
2025.01.31 14:30:11;36;GOLD;sell;out;0.01;2 805.77;36;0.00;0.00; 45.02; 969.32;tp 2805.75;
2025.01.31 14:37:07;37;GOLD;sell;out;0.01;2 806.48;37;0.00;0.00; 45.19;1 014.51;tp 2806.30;
2025.01.31 14:42:16;38;GOLD;sell;out;0.01;2 807.43;38;0.00;0.00; 45.03;1 059.54;tp 2807.40;
2025.01.31 14:56:00;39;GOLD;buy;in;0.01;2 805.82;39;0.00;0.00;0.00;1 059.54;Grip;
2025.01.31 16:59:08;40;GOLD;sell;out;0.01;2 811.09;40;0.00;0.00; 45.01;1 104.55;tp 2811.03;
2025.01.31 17:44:00;41;GOLD;buy;in;0.01;2 811.49;41;0.00;0.00;0.00;1 104.55;Grip;
2025.01.31 20:00:00;42;GOLD;buy;in;0.01;2 808.95;42;0.00;0.00;0.00;1 104.55;Grip;
2025.01.31 23:31:01;43;GOLD;buy;in;0.01;2 801.34;43;0.00;0.00;0.00;1 104.55;Grip;
2025.02.03 03:56:34;44;GOLD;sell;out;0.01;2 779.96;44;0.00;0.00;- 25.86;1 078.69;;
2025.02.03 03:56:35;45;GOLD;sell;out;0.01;2 780.01;45;0.00;0.00;- 31.48;1 047.21;;
2025.02.03 03:56:35;46;GOLD;sell;out;0.01;2 779.97;46;0.00;0.00;- 28.98;1 018.23;;
2025.02.03 03:56:35;47;GOLD;sell;out;0.01;2 779.98;47;0.00;0.00;- 21.36; 996.87;;
2025.02.03 15:47:00;48;GOLD;buy;in;0.01;2 809.31;48;0.00;0.00;0.00; 996.87;Grip;
2025.02.03 18:01:00;49;GOLD;buy;in;0.01;2 817.04;49;0.00;0.00;0.00; 996.87;Grip;
2025.02.04 10:45:00;50;GOLD;buy;in;0.01;2 812.98;50;0.00;0.00;0.00; 996.87;Grip;
2025.02.04 11:44:52;51;GOLD;buy;in;0.01;2 819.77;51;0.00;0.00;0.00; 996.87;Grip;
2025.02.05 05:32:15;52;GOLD;sell;out;0.01;2 854.29;52;0.00;0.00; 44.98;1 041.85;tp 2854.24;
2025.02.05 05:46:01;53;GOLD;buy;in;0.01;2 853.57;53;0.00;0.00;0.00;1 041.85;Grip;
2025.02.05 06:43:00;54;GOLD;sell;out;0.01;2 857.97;54;0.00;0.00; 44.99;1 086.84;tp 2857.97;
2025.02.05 07:22:51;55;GOLD;buy;in;0.01;2 855.76;55;0.00;0.00;0.00;1 086.84;Grip;
2025.02.05 09:58:23;56;GOLD;sell;out;0.01;2 862.10;56;0.00;0.00; 45.06;1 131.90;tp 2862.04;
2025.02.05 10:00:35;57;GOLD;sell;out;0.01;2 864.84;57;0.00;0.00; 45.07;1 176.97;tp 2864.76;
2025.02.05 11:08:00;58;GOLD;buy;in;0.01;2 867.24;58;0.00;0.00;0.00;1 176.97;Grip;
2025.02.05 11:58:00;59;GOLD;buy;in;0.01;2 870.31;59;0.00;0.00;0.00;1 176.97;Grip;
2025.02.06 16:59:38;60;GOLD;sell;out;0.01;2 841.62;60;0.00;0.00;- 11.95;1 165.02;;
2025.02.06 16:59:38;61;GOLD;sell;out;0.01;2 841.36;61;0.00;0.00;- 14.40;1 150.62;;
2025.02.06 16:59:38;62;GOLD;sell;out;0.01;2 841.31;62;0.00;0.00;- 25.93;1 124.69;;
2025.02.06 16:59:38;63;GOLD;sell;out;0.01;2 841.51;63;0.00;0.00;- 28.80;1 095.89;;
2025.02.06 23:29:53;64;GOLD;buy;in;0.01;2 855.90;64;0.00;0.00;0.00;1 095.89;Grip;
2025.02.07 01:11:45;65;GOLD;buy;in;0.01;2 856.71;65;0.00;0.00;0.00;1 095.89;Grip;
2025.02.07 01:58:37;66;GOLD;buy;in;0.01;2 858.17;66;0.00;0.00;0.00;1 095.89;Grip;
2025.02.07 04:31:00;67;GOLD;buy;in;0.01;2 868.15;67;0.00;0.00;0.00;1 095.89;Grip;
2025.02.10 11:15:31;68;GOLD;sell;out;0.01;2 900.92;68;0.00;0.00; 45.02;1 140.91;tp 2900.92;
2025.02.10 11:34:30;69;GOLD;sell;out;0.01;2 901.78;69;0.00;0.00; 45.07;1 185.98;tp 2901.70;
2025.02.10 12:02:08;70;GOLD;sell;out;0.01;2 903.18;70;0.00;0.00; 45.01;1 230.99;tp 2903.17;
2025.02.10 12:29:00;71;GOLD;buy;in;0.01;2 902.54;71;0.00;0.00;0.00;1 230.99;Grip;
2025.02.10 14:29:00;72;GOLD;buy;in;0.01;2 904.56;72;0.00;0.00;0.00;1 230.99;Grip;
2025.02.10 16:19:41;73;GOLD;buy;in;0.01;2 903.47;73;0.00;0.00;0.00;1 230.99;Grip;
2025.02.11 01:03:42;74;GOLD;sell;out;0.01;2 913.16;74;0.00;0.00; 45.01;1 276.00;tp 2913.15;
2025.02.11 01:32:00;75;GOLD;buy;in;0.01;2 912.03;75;0.00;0.00;0.00;1 276.00;Grip;
2025.02.11 11:40:36;76;GOLD;sell;out;0.01;2 904.50;76;0.00;0.00; 1.96;1 277.96;;
2025.02.11 11:40:36;77;GOLD;sell;out;0.01;2 904.65;77;0.00;0.00; 0.09;1 278.05;;
2025.02.11 11:40:36;78;GOLD;sell;out;0.01;2 904.66;78;0.00;0.00; 1.19;1 279.24;;
2025.02.11 11:40:37;79;GOLD;sell;out;0.01;2 904.66;79;0.00;0.00;- 7.37;1 271.87;;
2025.02.13 05:02:00;80;GOLD;buy;in;0.01;2 908.49;80;0.00;0.00;0.00;1 271.87;Grip;
2025.02.13 06:05:01;81;GOLD;buy;in;0.01;2 916.99;81;0.00;0.00;0.00;1 271.87;Grip;
2025.02.13 06:40:19;82;GOLD;buy;in;0.01;2 918.82;82;0.00;0.00;0.00;1 271.87;Grip;
2025.02.13 07:47:00;83;GOLD;buy;in;0.01;2 920.48;83;0.00;0.00;0.00;1 271.87;Grip;
2025.02.14 17:25:35;84;GOLD;sell;out;0.01;2 903.24;84;0.00;0.00;- 5.25;1 266.62;;
2025.02.14 17:25:36;85;GOLD;sell;out;0.01;2 903.32;85;0.00;0.00;- 13.67;1 252.95;;
2025.02.14 17:25:36;86;GOLD;sell;out;0.01;2 903.33;86;0.00;0.00;- 15.49;1 237.46;;
2025.02.14 17:25:36;87;GOLD;sell;out;0.01;2 903.33;87;0.00;0.00;- 17.15;1 220.31;;
2025.02.18 11:55:34;88;GOLD;buy;in;0.01;2 912.55;88;0.00;0.00;0.00;1 220.31;Grip;
2025.02.18 13:28:00;89;GOLD;buy;in;0.01;2 912.11;89;0.00;0.00;0.00;1 220.31;Grip;
2025.02.18 14:19:55;90;GOLD;buy;in;0.01;2 913.39;90;0.00;0.00;0.00;1 220.31;Grip;
2025.02.18 19:13:00;91;GOLD;buy;in;0.01;2 931.71;91;0.00;0.00;0.00;1 220.31;Grip;
2025.02.21 10:17:15;92;GOLD;sell;out;0.01;2 923.41;92;0.00;0.00; 10.86;1 231.17;;
2025.02.21 10:17:15;93;GOLD;sell;out;0.01;2 923.41;93;0.00;0.00; 11.30;1 242.47;;
2025.02.21 10:17:15;94;GOLD;sell;out;0.01;2 923.42;94;0.00;0.00; 10.03;1 252.50;;
2025.02.21 10:17:15;95;GOLD;sell;out;0.01;2 923.42;95;0.00;0.00;- 8.29;1 244.21;;
2025.02.24 01:30:00;96;GOLD;buy;in;0.01;2 938.83;96;0.00;0.00;0.00;1 244.21;Grip;
2025.02.24 03:11:39;97;GOLD;sell;out;0.01;2 924.93;97;0.00;0.00;- 13.90;1 230.31;;
2025.02.24 13:03:00;98;GOLD;buy;in;0.01;2 938.36;98;0.00;0.00;0.00;1 230.31;Grip;
2025.02.24 14:22:02;99;GOLD;buy;in;0.01;2 947.49;99;0.00;0.00;0.00;1 230.31;Grip;
2025.02.24 17:16:56;100;GOLD;buy;in;0.01;2 937.65;100;0.00;0.00;0.00;1 230.31;Grip;
2025.02.24 20:54:00;101;GOLD;buy;in;0.01;2 947.57;101;0.00;0.00;0.00;1 230.31;Grip;
2025.02.25 09:52:57;102;GOLD;sell;out;0.01;2 930.60;102;0.00;0.00;- 7.76;1 222.55;;
2025.02.25 09:52:57;103;GOLD;sell;out;0.01;2 930.63;103;0.00;0.00;- 16.86;1 205.69;;
2025.02.25 09:52:57;104;GOLD;sell;out;0.01;2 930.67;104;0.00;0.00;- 6.98;1 198.71;;
2025.02.25 09:52:57;105;GOLD;sell;out;0.01;2 930.69;105;0.00;0.00;- 16.88;1 181.83;;
2025.03.13 01:32:30;106;GOLD;buy;in;0.01;2 936.22;106;0.00;0.00;0.00;1 181.83;Grip;
2025.03.13 01:36:55;107;GOLD;buy;in;0.01;2 937.74;107;0.00;0.00;0.00;1 181.83;Grip;
2025.03.13 04:34:01;108;GOLD;buy;in;0.01;2 939.85;108;0.00;0.00;0.00;1 181.83;Grip;
2025.03.13 05:19:00;109;GOLD;buy;in;0.01;2 944.42;109;0.00;0.00;0.00;1 181.83;Grip;
2025.03.13 18:31:30;110;GOLD;sell;out;0.01;2 981.22;110;0.00;0.00; 45.00;1 226.83;tp 2981.22;
2025.03.13 18:39:11;111;GOLD;sell;out;0.01;2 982.78;111;0.00;0.00; 45.04;1 271.87;tp 2982.74;
2025.03.13 18:43:36;112;GOLD;sell;out;0.01;2 984.86;112;0.00;0.00; 45.01;1 316.88;tp 2984.85;
2025.03.13 20:03:51;113;GOLD;buy;in;0.01;2 981.86;113;0.00;0.00;0.00;1 316.88;Grip;
2025.03.13 21:38:29;114;GOLD;buy;in;0.01;2 984.25;114;0.00;0.00;0.00;1 316.88;Grip;
2025.03.14 02:30:40;115;GOLD;buy;in;0.01;2 986.64;115;0.00;0.00;0.00;1 316.88;Grip;
2025.03.14 03:07:50;116;GOLD;sell;out;0.01;2 989.44;116;0.00;0.00; 45.02;1 361.90;tp 2989.42;
2025.03.14 03:47:00;117;GOLD;buy;in;0.01;2 988.48;117;0.00;0.00;0.00;1 361.90;Grip;
2025.03.18 10:43:41;118;GOLD;sell;out;0.01;3 026.95;118;0.00;0.00; 45.09;1 406.99;tp 3026.95;
2025.03.18 10:58:01;119;GOLD;buy;in;0.01;3 026.92;119;0.00;0.00;0.00;1 406.99;Grip;
2025.03.18 13:42:13;120;GOLD;sell;out;0.01;3 029.28;120;0.00;0.00; 45.03;1 452.02;tp 3029.25;
2025.03.18 14:34:08;121;GOLD;sell;out;0.01;3 031.69;121;0.00;0.00; 45.05;1 497.07;tp 3031.61;
2025.03.18 14:43:25;122;GOLD;sell;out;0.01;3 033.50;122;0.00;0.00; 45.02;1 542.09;tp 3033.48;
2025.03.18 15:18:00;123;GOLD;buy;in;0.01;3 034.82;123;0.00;0.00;0.00;1 542.09;Grip;
2025.03.18 17:54:23;124;GOLD;buy;in;0.01;3 032.17;124;0.00;0.00;0.00;1 542.09;Grip;
2025.03.18 18:48:28;125;GOLD;buy;in;0.01;3 035.07;125;0.00;0.00;0.00;1 542.09;Grip;
2025.03.20 12:31:12;126;GOLD;sell;out;0.01;3 027.64;126;0.00;0.00; 0.72;1 542.81;;
2025.03.20 12:31:12;127;GOLD;sell;out;0.01;3 027.64;127;0.00;0.00;- 7.18;1 535.63;;
2025.03.20 12:31:12;128;GOLD;sell;out;0.01;3 027.69;128;0.00;0.00;- 4.48;1 531.15;;
2025.03.20 12:31:12;129;GOLD;sell;out;0.01;3 027.64;129;0.00;0.00;- 7.43;1 523.72;;
2025.03.20 20:52:50;130;GOLD;buy;in;0.01;3 045.09;130;0.00;0.00;0.00;1 523.72;Grip;
2025.03.20 21:51:01;131;GOLD;buy;in;0.01;3 045.78;131;0.00;0.00;0.00;1 523.72;Grip;
2025.03.21 01:20:00;132;GOLD;buy;in;0.01;3 045.90;132;0.00;0.00;0.00;1 523.72;Grip;
2025.03.21 06:52:56;133;GOLD;sell;out;0.01;3 027.91;133;0.00;0.00;- 17.18;1 506.54;;
2025.03.21 06:52:57;134;GOLD;sell;out;0.01;3 027.91;134;0.00;0.00;- 17.87;1 488.67;;
2025.03.21 06:52:57;135;GOLD;sell;out;0.01;3 027.91;135;0.00;0.00;- 17.99;1 470.68;;
2025.03.27 12:58:00;136;GOLD;buy;in;0.01;3 051.87;136;0.00;0.00;0.00;1 470.68;Grip;
2025.03.27 17:08:00;137;GOLD;buy;in;0.01;3 054.20;137;0.00;0.00;0.00;1 470.68;Grip;
2025.03.27 19:05:49;138;GOLD;buy;in;0.01;3 052.11;138;0.00;0.00;0.00;1 470.68;Grip;
2025.03.27 20:59:00;139;GOLD;buy;in;0.01;3 056.23;139;0.00;0.00;0.00;1 470.68;Grip;
2025.03.31 01:08:53;140;GOLD;sell;out;0.01;3 097.25;140;0.00;0.00; 45.38;1 516.06;tp 3096.88;
2025.03.31 01:08:53;141;GOLD;sell;out;0.01;3 097.25;141;0.00;0.00; 45.14;1 561.20;tp 3097.10;
2025.03.31 01:35:00;142;GOLD;buy;in;0.01;3 089.23;142;0.00;0.00;0.00;1 561.20;Grip;
2025.03.31 05:00:01;143;GOLD;buy;in;0.01;3 094.74;143;0.00;0.00;0.00;1 561.20;Grip;
2025.03.31 05:13:59;144;GOLD;sell;out;0.01;3 099.41;144;0.00;0.00; 45.21;1 606.41;tp 3099.19;
2025.03.31 05:21:35;145;GOLD;sell;out;0.01;3 101.23;145;0.00;0.00; 45.00;1 651.41;tp 3101.21;
2025.03.31 05:48:00;146;GOLD;buy;in;0.01;3 104.38;146;0.00;0.00;0.00;1 651.41;Grip;
2025.03.31 06:32:08;147;GOLD;buy;in;0.01;3 110.00;147;0.00;0.00;0.00;1 651.41;Grip;
2025.04.01 04:01:49;148;GOLD;sell;out;0.01;3 134.41;148;0.00;0.00; 45.18;1 696.59;tp 3134.23;
2025.04.01 05:21:36;149;GOLD;sell;out;0.01;3 139.91;149;0.00;0.00; 45.17;1 741.76;tp 3139.89;
2025.04.01 06:12:00;150;GOLD;buy;in;0.01;3 143.12;150;0.00;0.00;0.00;1 741.76;Grip;
2025.04.01 11:02:36;151;GOLD;buy;in;0.01;3 130.12;151;0.00;0.00;0.00;1 741.76;Grip;
2025.04.01 18:59:34;152;GOLD;sell;out;0.01;3 113.76;152;0.00;0.00; 9.38;1 751.14;;
2025.04.01 18:59:35;153;GOLD;sell;out;0.01;3 113.66;153;0.00;0.00; 3.66;1 754.80;;
2025.04.01 18:59:35;154;GOLD;sell;out;0.01;3 113.71;154;0.00;0.00;- 29.41;1 725.39;;
2025.04.01 18:59:35;155;GOLD;sell;out;0.01;3 113.71;155;0.00;0.00;- 16.41;1 708.98;;
2025.04.02 21:41:41;156;GOLD;buy;in;0.01;3 123.27;156;0.00;0.00;0.00;1 708.98;Grip;
2025.04.02 22:50:00;157;GOLD;buy;in;0.01;3 125.87;157;0.00;0.00;0.00;1 708.98;Grip;
2025.04.02 23:13:54;158;GOLD;sell;out;0.01;3 114.53;158;0.00;0.00;- 8.74;1 700.24;;
2025.04.02 23:13:54;159;GOLD;sell;out;0.01;3 114.47;159;0.00;0.00;- 11.40;1 688.84;;
2025.04.09 20:15:46;160;GOLD;buy;in;0.01;3 091.21;160;0.00;0.00;0.00;1 688.84;Grip;
2025.04.09 20:30:12;161;GOLD;sell;out;0.01;3 056.66;161;0.00;0.00;- 34.55;1 654.29;;
2025.04.10 06:05:00;162;GOLD;buy;in;0.01;3 116.39;162;0.00;0.00;0.00;1 654.29;Grip;
2025.04.10 06:40:00;163;GOLD;buy;in;0.01;3 123.19;163;0.00;0.00;0.00;1 654.29;Grip;
2025.04.10 09:00:00;164;GOLD;buy;in;0.01;3 122.41;164;0.00;0.00;0.00;1 654.29;Grip;
2025.04.10 12:17:30;165;GOLD;buy;in;0.01;3 109.64;165;0.00;0.00;0.00;1 654.29;Grip;
2025.04.10 17:59:10;166;GOLD;sell;out;0.01;3 154.69;166;0.00;0.00; 45.05;1 699.34;tp 3154.64;
2025.04.10 18:15:04;167;GOLD;sell;out;0.01;3 162.07;167;0.00;0.00; 45.68;1 745.02;tp 3161.49;
2025.04.10 18:25:42;168;GOLD;sell;out;0.01;3 167.50;168;0.00;0.00; 45.09;1 790.11;tp 3167.50;
2025.04.10 18:28:38;169;GOLD;sell;out;0.01;3 168.21;169;0.00;0.00; 45.02;1 835.13;tp 3168.14;
2025.04.10 19:13:00;170;GOLD;buy;in;0.01;3 156.13;170;0.00;0.00;0.00;1 835.13;Grip;
2025.04.10 22:08:00;171;GOLD;buy;in;0.01;3 172.03;171;0.00;0.00;0.00;1 835.13;Grip;
2025.04.11 01:30:00;172;GOLD;buy;in;0.01;3 179.83;172;0.00;0.00;0.00;1 835.13;Grip;
2025.04.11 02:13:00;173;GOLD;buy;in;0.01;3 187.45;173;0.00;0.00;0.00;1 835.13;Grip;
2025.04.11 03:34:42;174;GOLD;sell;out;0.01;3 201.33;174;0.00;0.00; 45.20;1 880.33;tp 3201.33;
2025.04.11 03:43:22;175;GOLD;sell;out;0.01;3 217.13;175;0.00;0.00; 45.10;1 925.43;tp 3217.01;
2025.04.11 04:30:00;176;GOLD;buy;in;0.01;3 210.96;176;0.00;0.00;0.00;1 925.43;Grip;
2025.04.11 08:44:43;177;GOLD;sell;out;0.01;3 191.13;177;0.00;0.00; 11.30;1 936.73;;
2025.04.11 08:44:44;178;GOLD;sell;out;0.01;3 191.22;178;0.00;0.00; 3.77;1 940.50;;
2025.04.11 08:44:44;179;GOLD;sell;out;0.01;3 191.19;179;0.00;0.00;- 19.77;1 920.73;;
2025.04.11 23:32:00;180;GOLD;buy;in;0.01;3 235.07;180;0.00;0.00;0.00;1 920.73;Grip;
2025.04.14 01:02:18;181;GOLD;sell;out;0.01;3 214.92;181;0.00;0.00;- 20.15;1 900.58;;
2025.04.16 04:28:00;182;GOLD;buy;in;0.01;3 268.62;182;0.00;0.00;0.00;1 900.58;Grip;
2025.04.16 04:50:27;183;GOLD;buy;in;0.01;3 268.30;183;0.00;0.00;0.00;1 900.58;Grip;
2025.04.16 05:28:28;184;GOLD;buy;in;0.01;3 273.40;184;0.00;0.00;0.00;1 900.58;Grip;
2025.04.16 08:45:00;185;GOLD;buy;in;0.01;3 289.14;185;0.00;0.00;0.00;1 900.58;Grip;
2025.04.16 11:15:37;186;GOLD;sell;out;0.01;3 313.63;186;0.00;0.00; 45.33;1 945.91;tp 3313.30;
2025.04.16 11:15:38;187;GOLD;sell;out;0.01;3 313.97;187;0.00;0.00; 45.35;1 991.26;tp 3313.67;
2025.04.16 11:53:00;188;GOLD;buy;in;0.01;3 306.11;188;0.00;0.00;0.00;1 991.26;Grip;
2025.04.16 14:43:10;189;GOLD;buy;in;0.01;3 300.63;189;0.00;0.00;0.00;1 991.26;Grip;
2025.04.16 17:01:52;190;GOLD;sell;out;0.01;3 318.57;190;0.00;0.00; 45.17;2 036.43;tp 3318.56;
2025.04.16 17:26:00;191;GOLD;buy;in;0.01;3 312.61;191;0.00;0.00;0.00;2 036.43;Grip;
2025.04.16 21:22:53;192;GOLD;sell;out;0.01;3 335.55;192;0.00;0.00; 46.41;2 082.84;tp 3334.16;
2025.04.16 22:01:00;193;GOLD;buy;in;0.01;3 338.66;193;0.00;0.00;0.00;2 082.84;Grip;
2025.04.17 01:02:00;194;GOLD;sell;out;0.01;3 348.25;194;0.00;0.00; 47.62;2 130.46;tp 3345.64;
2025.04.17 01:05:49;195;GOLD;sell;out;0.01;3 351.46;195;0.00;0.00; 45.35;2 175.81;tp 3351.42;
2025.04.17 01:35:00;196;GOLD;buy;in;0.01;3 353.10;196;0.00;0.00;0.00;2 175.81;Grip;
2025.04.17 04:49:51;197;GOLD;sell;out;0.01;3 328.22;197;0.00;0.00; 15.61;2 191.42;;
2025.04.17 04:49:51;198;GOLD;sell;out;0.01;3 328.28;198;0.00;0.00;- 10.38;2 181.04;;
2025.04.17 04:49:51;199;GOLD;sell;out;0.01;3 328.07;199;0.00;0.00;- 25.03;2 156.01;;
2025.04.21 08:30:00;200;GOLD;buy;in;0.01;3 382.03;200;0.00;0.00;0.00;2 156.01;Grip;
2025.04.21 10:37:00;201;GOLD;buy;in;0.01;3 394.00;201;0.00;0.00;0.00;2 156.01;Grip;
2025.04.21 12:19:00;202;GOLD;buy;in;0.01;3 392.36;202;0.00;0.00;0.00;2 156.01;Grip;
2025.04.21 13:00:00;203;GOLD;buy;in;0.01;3 395.16;203;0.00;0.00;0.00;2 156.01;Grip;
2025.04.21 17:08:54;204;GOLD;sell;out;0.01;3 427.01;204;0.00;0.00; 44.98;2 200.99;tp 3427.01;
2025.04.21 17:32:00;205;GOLD;buy;in;0.01;3 424.73;205;0.00;0.00;0.00;2 200.99;Grip;
2025.04.22 02:17:00;206;GOLD;sell;out;0.01;3 437.54;206;0.00;0.00; 45.18;2 246.17;tp 3437.36;
2025.04.22 02:18:20;207;GOLD;sell;out;0.01;3 439.27;207;0.00;0.00; 45.27;2 291.44;tp 3438.90;
2025.04.22 02:18:20;208;GOLD;sell;out;0.01;3 440.22;208;0.00;0.00; 45.06;2 336.50;tp 3440.15;
2025.04.22 03:03:36;209;GOLD;sell;out;0.01;3 416.34;209;0.00;0.00;- 8.39;2 328.11;;
2025.04.29 01:37:36;210;GOLD;buy;in;0.01;3 340.08;210;0.00;0.00;0.00;2 328.11;Grip;
2025.04.29 03:11:04;211;GOLD;buy;in;0.01;3 337.15;211;0.00;0.00;0.00;2 328.11;Grip;
2025.04.29 03:28:49;212;GOLD;sell;out;0.01;3 330.63;212;0.00;0.00;- 9.45;2 318.66;;
2025.04.29 03:28:49;213;GOLD;sell;out;0.01;3 330.62;213;0.00;0.00;- 6.53;2 312.13;;
2025.05.05 22:52:00;214;GOLD;buy;in;0.01;3 333.51;214;0.00;0.00;0.00;2 312.13;Grip;
2025.05.05 23:06:45;215;GOLD;buy;in;0.01;3 333.62;215;0.00;0.00;0.00;2 312.13;Grip;
2025.05.06 02:57:22;216;GOLD;buy;in;0.01;3 335.04;216;0.00;0.00;0.00;2 312.13;Grip;
2025.05.06 03:59:04;217;GOLD;buy;in;0.01;3 329.04;217;0.00;0.00;0.00;2 312.13;Grip;
2025.05.06 04:41:26;218;GOLD;sell;out;0.01;3 374.17;218;0.00;0.00; 45.13;2 357.26;tp 3374.01;
2025.05.06 04:42:11;219;GOLD;sell;out;0.01;3 378.66;219;0.00;0.00; 45.15;2 402.41;tp 3378.56;
2025.05.06 04:42:11;220;GOLD;sell;out;0.01;3 378.66;220;0.00;0.00; 45.04;2 447.45;tp 3378.57;
2025.05.06 04:42:16;221;GOLD;sell;out;0.01;3 379.37;221;0.00;0.00; 44.33;2 491.78;tp 3379.32;
2025.05.06 05:33:00;222;GOLD;buy;in;0.01;3 378.42;222;0.00;0.00;0.00;2 491.78;Grip;
2025.05.06 05:49:53;223;GOLD;sell;out;0.01;3 357.86;223;0.00;0.00;- 20.56;2 471.22;;
2025.05.06 18:00:00;224;GOLD;buy;in;0.01;3 386.46;224;0.00;0.00;0.00;2 471.22;Grip;
2025.05.06 18:42:00;225;GOLD;buy;in;0.01;3 396.08;225;0.00;0.00;0.00;2 471.22;Grip;
2025.05.06 20:47:00;226;GOLD;buy;in;0.01;3 415.58;226;0.00;0.00;0.00;2 471.22;Grip;
2025.05.06 23:19:00;227;GOLD;buy;in;0.01;3 422.26;227;0.00;0.00;0.00;2 471.22;Grip;
2025.05.06 23:53:54;228;GOLD;sell;out;0.01;3 431.54;228;0.00;0.00; 45.08;2 516.30;tp 3431.48;
2025.05.07 01:07:57;229;GOLD;sell;out;0.01;3 405.19;229;0.00;0.00; 9.11;2 525.41;;
2025.05.07 01:07:57;230;GOLD;sell;out;0.01;3 404.87;230;0.00;0.00;- 10.71;2 514.70;;
2025.05.07 01:07:58;231;GOLD;sell;out;0.01;3 405.08;231;0.00;0.00;- 17.18;2 497.52;;
2025.05.21 05:09:00;232;GOLD;buy;in;0.01;3 294.83;232;0.00;0.00;0.00;2 497.52;Grip;
2025.05.21 06:07:00;233;GOLD;buy;in;0.01;3 301.79;233;0.00;0.00;0.00;2 497.52;Grip;
2025.05.21 07:02:00;234;GOLD;buy;in;0.01;3 306.27;234;0.00;0.00;0.00;2 497.52;Grip;
2025.05.21 09:12:00;235;GOLD;buy;in;0.01;3 312.06;235;0.00;0.00;0.00;2 497.52;Grip;
2025.05.22 04:37:12;236;GOLD;sell;out;0.01;3 339.85;236;0.00;0.00; 45.02;2 542.54;tp 3339.83;
2025.05.22 05:03:00;237;GOLD;buy;in;0.01;3 340.02;237;0.00;0.00;0.00;2 542.54;Grip;
2025.05.22 13:05:21;238;GOLD;sell;out;0.01;3 302.62;238;0.00;0.00; 0.83;2 543.37;;
2025.05.22 13:05:21;239;GOLD;sell;out;0.01;3 302.37;239;0.00;0.00;- 3.90;2 539.47;;
2025.05.22 13:05:21;240;GOLD;sell;out;0.01;3 302.40;240;0.00;0.00;- 9.66;2 529.81;;
2025.05.22 13:05:22;241;GOLD;sell;out;0.01;3 302.32;241;0.00;0.00;- 37.70;2 492.11;;
2025.05.23 14:05:17;242;GOLD;buy;in;0.01;3 329.39;242;0.00;0.00;0.00;2 492.11;Grip;
2025.05.23 14:19:59;243;GOLD;buy;in;0.01;3 328.66;243;0.00;0.00;0.00;2 492.11;Grip;
2025.05.23 16:10:00;244;GOLD;buy;in;0.01;3 354.66;244;0.00;0.00;0.00;2 492.11;Grip;
2025.05.23 17:48:05;245;GOLD;buy;in;0.01;3 353.39;245;0.00;0.00;0.00;2 492.11;Grip;
2025.05.26 11:42:40;246;GOLD;sell;out;0.01;3 331.04;246;0.00;0.00; 1.65;2 493.76;;
2025.05.26 11:42:41;247;GOLD;sell;out;0.01;3 331.13;247;0.00;0.00; 2.47;2 496.23;;
2025.05.26 11:42:41;248;GOLD;sell;out;0.01;3 331.05;248;0.00;0.00;- 23.61;2 472.62;;
2025.05.26 11:42:41;249;GOLD;sell;out;0.01;3 331.05;249;0.00;0.00;- 22.34;2 450.28;;
2025.06.02 23:18:00;250;GOLD;buy;in;0.01;3 381.73;250;0.00;0.00;0.00;2 450.28;Grip;
2025.06.02 23:42:38;251;GOLD;buy;in;0.01;3 380.88;251;0.00;0.00;0.00;2 450.28;Grip;
2025.06.03 01:48:03;252;GOLD;buy;in;0.01;3 390.12;252;0.00;0.00;0.00;2 450.28;Grip;
2025.06.03 05:50:31;253;GOLD;buy;in;0.01;3 372.55;253;0.00;0.00;0.00;2 450.28;Grip;
2025.06.03 15:20:43;254;GOLD;sell;out;0.01;3 349.75;254;0.00;0.00;- 40.37;2 409.91;sl 3350.12;
2025.06.03 16:08:00;255;GOLD;buy;in;0.01;3 360.91;255;0.00;0.00;0.00;2 409.91;Grip;
2025.06.03 16:46:56;256;GOLD;sell;out;0.01;3 344.04;256;0.00;0.00;- 37.69;2 372.22;;
2025.06.03 16:46:56;257;GOLD;sell;out;0.01;3 344.09;257;0.00;0.00;- 36.79;2 335.43;;
2025.06.03 16:46:57;258;GOLD;sell;out;0.01;3 344.07;258;0.00;0.00;- 28.48;2 306.95;;
2025.06.03 16:46:57;259;GOLD;sell;out;0.01;3 344.03;259;0.00;0.00;- 16.88;2 290.07;;
2025.06.04 01:47:01;260;GOLD;buy;in;0.01;3 358.39;260;0.00;0.00;0.00;2 290.07;Grip;
2025.06.04 05:20:00;261;GOLD;buy;in;0.01;3 370.29;261;0.00;0.00;0.00;2 290.07;Grip;
2025.06.04 10:00:46;262;GOLD;buy;in;0.01;3 357.02;262;0.00;0.00;0.00;2 290.07;Grip;
2025.06.04 10:51:18;263;GOLD;buy;in;0.01;3 359.74;263;0.00;0.00;0.00;2 290.07;Grip;
2025.06.04 15:28:09;264;GOLD;sell;out;0.01;3 344.53;264;0.00;0.00;- 13.86;2 276.21;;
2025.06.04 15:28:09;265;GOLD;sell;out;0.01;3 344.52;265;0.00;0.00;- 25.77;2 250.44;;
2025.06.04 15:28:09;266;GOLD;sell;out;0.01;3 344.48;266;0.00;0.00;- 12.54;2 237.90;;
2025.06.04 15:28:10;267;GOLD;sell;out;0.01;3 344.46;267;0.00;0.00;- 15.28;2 222.62;;
2025.06.05 02:51:00;268;GOLD;buy;in;0.01;3 375.84;268;0.00;0.00;0.00;2 222.62;Grip;
2025.06.05 03:59:00;269;GOLD;buy;in;0.01;3 379.73;269;0.00;0.00;0.00;2 222.62;Grip;
2025.06.05 08:13:57;270;GOLD;buy;in;0.01;3 369.26;270;0.00;0.00;0.00;2 222.62;Grip;
2025.06.05 10:38:00;271;GOLD;buy;in;0.01;3 371.98;271;0.00;0.00;0.00;2 222.62;Grip;
2025.06.05 17:58:46;272;GOLD;sell;out;0.01;3 364.00;272;0.00;0.00;- 11.84;2 210.78;;
2025.06.05 17:58:47;273;GOLD;sell;out;0.01;3 364.07;273;0.00;0.00;- 15.66;2 195.12;;
2025.06.05 17:58:47;274;GOLD;sell;out;0.01;3 364.48;274;0.00;0.00;- 4.78;2 190.34;;
2025.06.05 17:58:47;275;GOLD;sell;out;0.01;3 364.49;275;0.00;0.00;- 7.49;2 182.85;;
2025.06.12 09:00:13;276;GOLD;buy;in;0.01;3 374.95;276;0.00;0.00;0.00;2 182.85;Grip;
2025.06.12 10:09:00;277;GOLD;buy;in;0.01;3 372.07;277;0.00;0.00;0.00;2 182.85;Grip;
2025.06.12 10:41:59;278;GOLD;sell;out;0.01;3 348.61;278;0.00;0.00;- 26.34;2 156.51;;
2025.06.12 10:41:59;279;GOLD;sell;out;0.01;3 348.52;279;0.00;0.00;- 23.55;2 132.96;;
2025.06.12 18:48:05;280;GOLD;buy;in;0.01;3 388.22;280;0.00;0.00;0.00;2 132.96;Grip;
2025.06.12 23:10:01;281;GOLD;buy;in;0.01;3 388.33;281;0.00;0.00;0.00;2 132.96;Grip;
2025.06.12 23:53:05;282;GOLD;buy;in;0.01;3 386.61;282;0.00;0.00;0.00;2 132.96;Grip;
2025.06.13 02:41:46;283;GOLD;buy;in;0.01;3 386.09;283;0.00;0.00;0.00;2 132.96;Grip;
2025.06.13 04:46:08;284;GOLD;sell;out;0.01;3 431.20;284;0.00;0.00; 45.11;2 178.07;tp 3431.10;
2025.06.13 04:46:26;285;GOLD;sell;out;0.01;3 431.72;285;0.00;0.00; 45.11;2 223.18;tp 3431.61;
2025.06.13 04:47:11;286;GOLD;sell;out;0.01;3 433.23;286;0.00;0.00; 45.01;2 268.19;tp 3433.14;
2025.06.13 04:54:00;287;GOLD;buy;in;0.01;3 427.40;287;0.00;0.00;0.00;2 268.19;Grip;
2025.06.13 05:23:49;288;GOLD;sell;out;0.01;3 433.79;288;0.00;0.00; 45.46;2 313.65;tp 3433.33;
2025.06.13 06:13:00;289;GOLD;buy;in;0.01;3 435.79;289;0.00;0.00;0.00;2 313.65;Grip;
2025.06.13 07:09:01;290;GOLD;buy;in;0.01;3 429.21;290;0.00;0.00;0.00;2 313.65;Grip;
2025.06.13 08:09:00;291;GOLD;buy;in;0.01;3 427.69;291;0.00;0.00;0.00;2 313.65;Grip;
2025.06.16 10:14:00;292;GOLD;sell;out;0.01;3 410.16;292;0.00;0.00;- 17.24;2 296.41;;
2025.06.16 10:14:00;293;GOLD;sell;out;0.01;3 409.88;293;0.00;0.00;- 25.91;2 270.50;;
2025.06.16 10:14:00;294;GOLD;sell;out;0.01;3 409.75;294;0.00;0.00;- 19.46;2 251.04;;
2025.06.16 10:14:00;295;GOLD;sell;out;0.01;3 409.75;295;0.00;0.00;- 17.94;2 233.10;;
2025.07.03 01:48:10;296;GOLD;buy;in;0.01;3 363.07;296;0.00;0.00;0.00;2 233.10;Grip;
2025.07.03 03:04:43;297;GOLD;sell;out;0.01;3 345.07;297;0.00;0.00;- 18.00;2 215.10;;
2025.07.11 23:33:29;298;GOLD;buy;in;0.01;3 355.12;298;0.00;0.00;0.00;2 215.10;Grip;
2025.07.11 23:39:30;299;GOLD;buy;in;0.01;3 356.42;299;0.00;0.00;0.00;2 215.10;Grip;
2025.07.14 01:54:00;300;GOLD;buy;in;0.01;3 369.53;300;0.00;0.00;0.00;2 215.10;Grip;
2025.07.14 08:18:38;301;GOLD;buy;in;0.01;3 359.81;301;0.00;0.00;0.00;2 215.10;Grip;
2025.07.15 16:26:55;302;GOLD;sell;out;0.01;3 340.22;302;0.00;0.00;- 14.90;2 200.20;;
2025.07.15 16:26:55;303;GOLD;sell;out;0.01;3 339.74;303;0.00;0.00;- 16.68;2 183.52;;
2025.07.15 16:26:55;304;GOLD;sell;out;0.01;3 339.52;304;0.00;0.00;- 30.01;2 153.51;;
2025.07.15 16:26:56;305;GOLD;sell;out;0.01;3 339.54;305;0.00;0.00;- 20.27;2 133.24;;
2025.07.18 23:36:00;306;GOLD;buy;in;0.01;3 349.97;306;0.00;0.00;0.00;2 133.24;Grip;
2025.07.18 23:43:53;307;GOLD;buy;in;0.01;3 351.03;307;0.00;0.00;0.00;2 133.24;Grip;
2025.07.21 04:55:00;308;GOLD;buy;in;0.01;3 357.27;308;0.00;0.00;0.00;2 133.24;Grip;
2025.07.21 08:59:00;309;GOLD;buy;in;0.01;3 367.32;309;0.00;0.00;0.00;2 133.24;Grip;
2025.07.21 16:47:09;310;GOLD;sell;out;0.01;3 394.98;310;0.00;0.00; 45.01;2 178.25;tp 3394.97;
2025.07.21 17:20:39;311;GOLD;sell;out;0.01;3 396.06;311;0.00;0.00; 45.03;2 223.28;tp 3396.03;
2025.07.21 18:03:00;312;GOLD;buy;in;0.01;3 400.02;312;0.00;0.00;0.00;2 223.28;Grip;
2025.07.21 18:20:45;313;GOLD;buy;in;0.01;3 399.70;313;0.00;0.00;0.00;2 223.28;Grip;
2025.07.22 02:31:26;314;GOLD;sell;out;0.01;3 402.28;314;0.00;0.00; 45.01;2 268.29;tp 3402.27;
2025.07.22 03:00:07;315;GOLD;buy;in;0.01;3 396.80;315;0.00;0.00;0.00;2 268.29;Grip;
2025.07.22 16:08:37;316;GOLD;sell;out;0.01;3 412.34;316;0.00;0.00; 45.02;2 313.31;tp 3412.32;
2025.07.22 17:16:00;317;GOLD;buy;in;0.01;3 416.63;317;0.00;0.00;0.00;2 313.31;Grip;
2025.07.23 19:01:28;318;GOLD;sell;out;0.01;3 389.60;318;0.00;0.00;- 10.42;2 302.89;;
2025.07.23 19:01:28;319;GOLD;sell;out;0.01;3 389.53;319;0.00;0.00;- 10.17;2 292.72;;
2025.07.23 19:01:28;320;GOLD;sell;out;0.01;3 389.23;320;0.00;0.00;- 7.57;2 285.15;;
2025.07.23 19:01:29;321;GOLD;sell;out;0.01;3 389.32;321;0.00;0.00;- 27.31;2 257.84;;
2025.08.05 09:11:00;322;GOLD;buy;in;0.01;3 371.11;322;0.00;0.00;0.00;2 257.84;Grip;
2025.08.05 10:49:00;323;GOLD;buy;in;0.01;3 372.40;323;0.00;0.00;0.00;2 257.84;Grip;
2025.08.05 12:00:25;324;GOLD;sell;out;0.01;3 364.51;324;0.00;0.00;- 6.60;2 251.24;;
2025.08.05 12:00:25;325;GOLD;sell;out;0.01;3 364.54;325;0.00;0.00;- 7.86;2 243.38;;
2025.08.06 06:00:57;326;GOLD;buy;in;0.01;3 376.99;326;0.00;0.00;0.00;2 243.38;Grip;
2025.08.06 09:55:00;327;GOLD;buy;in;0.01;3 375.37;327;0.00;0.00;0.00;2 243.38;Grip;
2025.08.06 11:10:30;328;GOLD;sell;out;0.01;3 368.42;328;0.00;0.00;- 8.57;2 234.81;;
2025.08.06 11:10:30;329;GOLD;sell;out;0.01;3 368.47;329;0.00;0.00;- 6.90;2 227.91;;
2025.08.07 14:10:00;330;GOLD;buy;in;0.01;3 375.26;330;0.00;0.00;0.00;2 227.91;Grip;
2025.08.07 14:54:00;331;GOLD;buy;in;0.01;3 378.18;331;0.00;0.00;0.00;2 227.91;Grip;
2025.08.07 16:07:01;332;GOLD;buy;in;0.01;3 382.54;332;0.00;0.00;0.00;2 227.91;Grip;
2025.08.07 23:24:00;333;GOLD;buy;in;0.01;3 399.76;333;0.00;0.00;0.00;2 227.91;Grip;
2025.08.08 21:00:12;334;GOLD;sell;out;0.01;3 378.54;334;0.00;0.00; 3.28;2 231.19;;
2025.08.08 21:00:12;335;GOLD;sell;out;0.01;3 378.96;335;0.00;0.00; 0.78;2 231.97;;
2025.08.08 21:00:12;336;GOLD;sell;out;0.01;3 379.07;336;0.00;0.00;- 3.47;2 228.50;;
2025.08.08 21:00:13;337;GOLD;sell;out;0.01;3 379.14;337;0.00;0.00;- 20.62;2 207.88;;
2025.08.25 01:54:41;338;GOLD;buy;in;0.01;3 367.78;338;0.00;0.00;0.00;2 207.88;Grip;
2025.08.25 04:39:24;339;GOLD;sell;out;0.01;3 362.44;339;0.00;0.00;- 5.34;2 202.54;;
2025.08.26 11:10:00;340;GOLD;buy;in;0.01;3 377.76;340;0.00;0.00;0.00;2 202.54;Grip;
2025.08.26 13:47:44;341;GOLD;buy;in;0.01;3 369.79;341;0.00;0.00;0.00;2 202.54;Grip;
2025.08.26 14:55:00;342;GOLD;buy;in;0.01;3 378.37;342;0.00;0.00;0.00;2 202.54;Grip;
2025.08.26 17:24:35;343;GOLD;buy;in;0.01;3 376.51;343;0.00;0.00;0.00;2 202.54;Grip;
2025.08.28 19:21:42;344;GOLD;sell;out;0.01;3 414.81;344;0.00;0.00; 45.02;2 247.56;tp 3414.79;
2025.08.28 19:46:00;345;GOLD;buy;in;0.01;3 414.93;345;0.00;0.00;0.00;2 247.56;Grip;
2025.08.28 22:53:25;346;GOLD;sell;out;0.01;3 421.52;346;0.00;0.00; 45.01;2 292.57;tp 3421.52;
2025.08.28 22:57:33;347;GOLD;sell;out;0.01;3 422.78;347;0.00;0.00; 45.02;2 337.59;tp 3422.76;
2025.08.29 05:35:00;348;GOLD;buy;in;0.01;3 412.43;348;0.00;0.00;0.00;2 337.59;Grip;
2025.08.29 05:41:24;349;GOLD;buy;in;0.01;3 413.93;349;0.00;0.00;0.00;2 337.59;Grip;
2025.08.29 16:38:29;350;GOLD;sell;out;0.01;3 423.60;350;0.00;0.00; 45.23;2 382.82;tp 3423.37;
2025.08.29 17:57:00;351;GOLD;buy;in;0.01;3 438.90;351;0.00;0.00;0.00;2 382.82;Grip;
2025.09.01 04:59:15;352;GOLD;sell;out;0.01;3 457.44;352;0.00;0.00; 45.01;2 427.83;tp 3457.41;
2025.09.01 04:59:38;353;GOLD;sell;out;0.01;3 458.94;353;0.00;0.00; 45.01;2 472.84;tp 3458.93;
2025.09.01 05:06:38;354;GOLD;sell;out;0.01;3 459.83;354;0.00;0.00; 44.90;2 517.74;tp 3459.83;
2025.09.01 05:57:56;355;GOLD;sell;out;0.01;3 483.86;355;0.00;0.00; 44.96;2 562.70;tp 3483.84;
2025.09.01 06:22:00;356;GOLD;buy;in;0.01;3 472.44;356;0.00;0.00;0.00;2 562.70;Grip;
2025.09.01 09:53:00;357;GOLD;buy;in;0.01;3 484.57;357;0.00;0.00;0.00;2 562.70;Grip;
2025.09.01 11:39:00;358;GOLD;buy;in;0.01;3 477.95;358;0.00;0.00;0.00;2 562.70;Grip;
2025.09.01 16:56:01;359;GOLD;buy;in;0.01;3 477.79;359;0.00;0.00;0.00;2 562.70;Grip;
2025.09.02 10:24:03;360;GOLD;sell;out;0.01;3 480.14;360;0.00;0.00; 7.70;2 570.40;;
2025.09.02 10:24:04;361;GOLD;sell;out;0.01;3 480.06;361;0.00;0.00;- 4.51;2 565.89;;
2025.09.02 10:24:04;362;GOLD;sell;out;0.01;3 480.05;362;0.00;0.00; 2.10;2 567.99;;
2025.09.02 10:24:04;363;GOLD;sell;out;0.01;3 479.99;363;0.00;0.00; 2.20;2 570.19;;
2025.09.02 23:29:37;364;GOLD;buy;in;0.01;3 536.43;364;0.00;0.00;0.00;2 570.19;Grip;
2025.09.03 04:18:00;365;GOLD;buy;in;0.01;3 537.23;365;0.00;0.00;0.00;2 570.19;Grip;
2025.09.03 08:04:12;366;GOLD;buy;in;0.01;3 536.16;366;0.00;0.00;0.00;2 570.19;Grip;
2025.09.03 10:58:24;367;GOLD;buy;in;0.01;3 534.36;367;0.00;0.00;0.00;2 570.19;Grip;
2025.09.04 04:39:58;368;GOLD;sell;out;0.01;3 543.83;368;0.00;0.00; 7.40;2 577.59;;
2025.09.04 04:39:58;369;GOLD;sell;out;0.01;3 543.57;369;0.00;0.00; 6.34;2 583.93;;
2025.09.04 04:39:58;370;GOLD;sell;out;0.01;3 543.45;370;0.00;0.00; 7.29;2 591.22;;
2025.09.04 04:39:58;371;GOLD;sell;out;0.01;3 543.43;371;0.00;0.00; 9.07;2 600.29;;
2025.09.04 23:03:59;372;GOLD;buy;in;0.01;3 550.69;372;0.00;0.00;0.00;2 600.29;Grip;
2025.09.05 01:10:20;373;GOLD;sell;out;0.01;3 540.72;373;0.00;0.00;- 9.97;2 590.32;;
2025.09.05 08:07:04;374;GOLD;buy;in;0.01;3 559.32;374;0.00;0.00;0.00;2 590.32;Grip;
2025.09.05 09:59:43;375;GOLD;buy;in;0.01;3 553.49;375;0.00;0.00;0.00;2 590.32;Grip;
2025.09.05 13:06:06;376;GOLD;buy;in;0.01;3 551.45;376;0.00;0.00;0.00;2 590.32;Grip;
2025.09.05 16:42:00;377;GOLD;buy;in;0.01;3 581.39;377;0.00;0.00;0.00;2 590.32;Grip;
2025.09.05 17:01:58;378;GOLD;sell;out;0.01;3 596.60;378;0.00;0.00; 45.15;2 635.47;tp 3596.52;
2025.09.05 17:19:00;379;GOLD;buy;in;0.01;3 590.69;379;0.00;0.00;0.00;2 635.47;Grip;
2025.09.05 19:09:20;380;GOLD;sell;out;0.01;3 598.59;380;0.00;0.00; 45.10;2 680.57;tp 3598.50;
2025.09.05 19:36:00;381;GOLD;buy;in;0.01;3 596.90;381;0.00;0.00;0.00;2 680.57;Grip;
2025.09.08 10:12:28;382;GOLD;sell;out;0.01;3 604.46;382;0.00;0.00; 45.14;2 725.71;tp 3604.31;
2025.09.08 10:56:02;383;GOLD;buy;in;0.01;3 607.49;383;0.00;0.00;0.00;2 725.71;Grip;
2025.09.08 16:02:02;384;GOLD;sell;out;0.01;3 626.42;384;0.00;0.00; 45.03;2 770.74;tp 3626.40;
2025.09.08 16:50:43;385;GOLD;sell;out;0.01;3 635.65;385;0.00;0.00; 44.96;2 815.70;tp 3635.52;
2025.09.08 17:16:00;386;GOLD;buy;in;0.01;3 635.35;386;0.00;0.00;0.00;2 815.70;Grip;
2025.09.08 18:00:40;387;GOLD;sell;out;0.01;3 641.90;387;0.00;0.00; 45.00;2 860.70;tp 3641.90;
2025.09.08 18:26:00;388;GOLD;buy;in;0.01;3 642.02;388;0.00;0.00;0.00;2 860.70;Grip;
2025.09.08 21:09:13;389;GOLD;buy;in;0.01;3 634.49;389;0.00;0.00;0.00;2 860.70;Grip;
2025.09.09 05:09:28;390;GOLD;sell;out;0.01;3 652.63;390;0.00;0.00; 45.14;2 905.84;tp 3652.49;
2025.09.09 05:36:00;391;GOLD;buy;in;0.01;3 651.30;391;0.00;0.00;0.00;2 905.84;Grip;
2025.09.09 17:08:33;392;GOLD;sell;out;0.01;3 646.49;392;0.00;0.00; 11.14;2 916.98;;
2025.09.09 17:08:33;393;GOLD;sell;out;0.01;3 646.17;393;0.00;0.00; 4.15;2 921.13;;
2025.09.09 17:08:33;394;GOLD;sell;out;0.01;3 646.40;394;0.00;0.00; 11.91;2 933.04;;
2025.09.09 17:08:33;395;GOLD;sell;out;0.01;3 646.44;395;0.00;0.00;- 4.86;2 928.18;;
2025.09.16 01:30:01;396;GOLD;buy;in;0.01;3 679.52;396;0.00;0.00;0.00;2 928.18;Grip;
2025.09.16 03:00:53;397;GOLD;buy;in;0.01;3 678.34;397;0.00;0.00;0.00;2 928.18;Grip;
2025.09.16 04:50:49;398;GOLD;buy;in;0.01;3 678.78;398;0.00;0.00;0.00;2 928.18;Grip;
2025.09.16 08:18:34;399;GOLD;buy;in;0.01;3 684.43;399;0.00;0.00;0.00;2 928.18;Grip;
2025.09.17 11:02:25;400;GOLD;sell;out;0.01;3 665.27;400;0.00;0.00;- 14.25;2 913.93;;
2025.09.17 11:02:25;401;GOLD;sell;out;0.01;3 665.26;401;0.00;0.00;- 13.08;2 900.85;;
2025.09.17 11:02:25;402;GOLD;sell;out;0.01;3 665.30;402;0.00;0.00;- 13.48;2 887.37;;
2025.09.17 11:02:26;403;GOLD;sell;out;0.01;3 665.30;403;0.00;0.00;- 19.13;2 868.24;;
2025.09.22 02:21:46;404;GOLD;buy;in;0.01;3 689.40;404;0.00;0.00;0.00;2 868.24;Grip;
2025.09.22 03:41:00;405;GOLD;buy;in;0.01;3 690.10;405;0.00;0.00;0.00;2 868.24;Grip;
2025.09.22 07:06:00;406;GOLD;buy;in;0.01;3 694.43;406;0.00;0.00;0.00;2 868.24;Grip;
2025.09.22 12:10:00;407;GOLD;buy;in;0.01;3 721.85;407;0.00;0.00;0.00;2 868.24;Grip;
2025.09.22 18:46:19;408;GOLD;sell;out;0.01;3 734.36;408;0.00;0.00; 44.96;2 913.20;tp 3734.35;
2025.09.22 18:49:48;409;GOLD;sell;out;0.01;3 735.12;409;0.00;0.00; 45.02;2 958.22;tp 3735.10;
2025.09.22 19:30:00;410;GOLD;buy;in;0.01;3 737.04;410;0.00;0.00;0.00;2 958.22;Grip;
2025.09.22 20:09:06;411;GOLD;sell;out;0.01;3 739.44;411;0.00;0.00; 45.01;3 003.23;tp 3739.43;
2025.09.22 21:06:00;412;GOLD;buy;in;0.01;3 746.02;412;0.00;0.00;0.00;3 003.23;Grip;
2025.09.22 22:38:00;413;GOLD;buy;in;0.01;3 746.09;413;0.00;0.00;0.00;3 003.23;Grip;
2025.09.23 11:39:42;414;GOLD;sell;out;0.01;3 766.82;414;0.00;0.00; 44.97;3 048.20;tp 3766.81;
2025.09.23 12:10:51;415;GOLD;sell;out;0.01;3 782.13;415;0.00;0.00; 45.09;3 093.29;tp 3782.08;
2025.09.23 12:24:49;416;GOLD;sell;out;0.01;3 790.98;416;0.00;0.00; 44.89;3 138.18;tp 3790.98;
2025.09.23 12:39:00;417;GOLD;buy;in;0.01;3 784.09;417;0.00;0.00;0.00;3 138.18;Grip;
2025.09.23 12:54:32;418;GOLD;buy;in;0.01;3 784.08;418;0.00;0.00;0.00;3 138.18;Grip;
2025.09.23 15:43:00;419;GOLD;buy;in;0.01;3 783.36;419;0.00;0.00;0.00;3 138.18;Grip;
2025.09.23 21:56:38;420;GOLD;sell;out;0.01;3 763.77;420;0.00;0.00; 17.75;3 155.93;;
2025.09.23 21:56:38;421;GOLD;sell;out;0.01;3 763.47;421;0.00;0.00;- 20.62;3 135.31;;
2025.09.23 21:56:38;422;GOLD;sell;out;0.01;3 763.78;422;0.00;0.00;- 20.30;3 115.01;;
2025.09.23 21:56:38;423;GOLD;sell;out;0.01;3 763.94;423;0.00;0.00;- 19.42;3 095.59;;
2025.09.29 12:13:00;424;GOLD;buy;in;0.01;3 817.61;424;0.00;0.00;0.00;3 095.59;Grip;
2025.09.29 14:04:00;425;GOLD;buy;in;0.01;3 817.33;425;0.00;0.00;0.00;3 095.59;Grip;
2025.09.29 16:58:00;426;GOLD;buy;in;0.01;3 821.38;426;0.00;0.00;0.00;3 095.59;Grip;
2025.09.29 19:05:00;427;GOLD;buy;in;0.01;3 828.80;427;0.00;0.00;0.00;3 095.59;Grip;
2025.09.30 06:42:16;428;GOLD;sell;out;0.01;3 862.33;428;0.00;0.00; 45.00;3 140.59;tp 3862.33;
2025.09.30 06:42:45;429;GOLD;sell;out;0.01;3 862.60;429;0.00;0.00; 44.99;3 185.58;tp 3862.59;
2025.09.30 06:53:43;430;GOLD;sell;out;0.01;3 866.38;430;0.00;0.00; 45.00;3 230.58;tp 3866.36;
2025.09.30 07:11:00;431;GOLD;buy;in;0.01;3 865.37;431;0.00;0.00;0.00;3 230.58;Grip;
2025.09.30 09:03:00;432;GOLD;buy;in;0.01;3 869.68;432;0.00;0.00;0.00;3 230.58;Grip;
2025.09.30 09:32:14;433;GOLD;buy;in;0.01;3 869.12;433;0.00;0.00;0.00;3 230.58;Grip;
2025.09.30 11:07:28;434;GOLD;sell;out;0.01;3 837.33;434;0.00;0.00; 8.53;3 239.11;;
2025.09.30 11:07:28;435;GOLD;sell;out;0.01;3 837.35;435;0.00;0.00;- 28.02;3 211.09;;
2025.09.30 11:07:28;436;GOLD;sell;out;0.01;3 837.35;436;0.00;0.00;- 32.33;3 178.76;;
2025.09.30 11:07:29;437;GOLD;sell;out;0.01;3 837.35;437;0.00;0.00;- 31.77;3 146.99;;
2025.10.01 05:38:00;438;GOLD;buy;in;0.01;3 865.29;438;0.00;0.00;0.00;3 146.99;Grip;
2025.10.01 06:17:03;439;GOLD;buy;in;0.01;3 862.83;439;0.00;0.00;0.00;3 146.99;Grip;
2025.10.01 06:42:03;440;GOLD;buy;in;0.01;3 861.94;440;0.00;0.00;0.00;3 146.99;Grip;
2025.10.01 08:31:00;441;GOLD;buy;in;0.01;3 866.03;441;0.00;0.00;0.00;3 146.99;Grip;
2025.10.01 17:48:16;442;GOLD;sell;out;0.01;3 859.45;442;0.00;0.00;- 5.84;3 141.15;;
2025.10.01 17:48:16;443;GOLD;sell;out;0.01;3 859.39;443;0.00;0.00;- 3.44;3 137.71;;
2025.10.01 17:48:17;444;GOLD;sell;out;0.01;3 859.49;444;0.00;0.00;- 2.45;3 135.26;;
2025.10.01 17:48:17;445;GOLD;sell;out;0.01;3 859.45;445;0.00;0.00;- 6.58;3 128.68;;
2025.10.02 15:59:12;446;GOLD;buy;in;0.01;3 885.01;446;0.00;0.00;0.00;3 128.68;Grip;
2025.10.02 17:20:10;447;GOLD;sell;out;0.01;3 863.22;447;0.00;0.00;- 21.79;3 106.89;;
2025.10.06 02:35:00;448;GOLD;buy;in;0.01;3 910.68;448;0.00;0.00;0.00;3 106.89;Grip;
2025.10.06 05:27:01;449;GOLD;buy;in;0.01;3 922.33;449;0.00;0.00;0.00;3 106.89;Grip;
2025.10.06 07:13:00;450;GOLD;buy;in;0.01;3 931.10;450;0.00;0.00;0.00;3 106.89;Grip;
2025.10.06 10:16:00;451;GOLD;buy;in;0.01;3 934.05;451;0.00;0.00;0.00;3 106.89;Grip;
2025.10.06 17:35:39;452;GOLD;sell;out;0.01;3 955.84;452;0.00;0.00; 45.16;3 152.05;tp 3955.77;
2025.10.06 18:01:00;453;GOLD;buy;in;0.01;3 954.32;453;0.00;0.00;0.00;3 152.05;Grip;
2025.10.06 19:07:21;454;GOLD;sell;out;0.01;3 967.61;454;0.00;0.00; 45.28;3 197.33;tp 3967.40;
2025.10.06 21:24:00;455;GOLD;buy;in;0.01;3 958.09;455;0.00;0.00;0.00;3 197.33;Grip;
2025.10.07 03:26:02;456;GOLD;sell;out;0.01;3 976.21;456;0.00;0.00; 45.11;3 242.44;tp 3976.16;
2025.10.07 05:59:00;457;GOLD;buy;in;0.01;3 965.21;457;0.00;0.00;0.00;3 242.44;Grip;
2025.10.07 10:20:20;458;GOLD;sell;out;0.01;3 947.53;458;0.00;0.00; 13.48;3 255.92;;
2025.10.07 10:20:20;459;GOLD;sell;out;0.01;3 947.45;459;0.00;0.00;- 6.87;3 249.05;;
2025.10.07 10:20:21;460;GOLD;sell;out;0.01;3 947.54;460;0.00;0.00;- 10.55;3 238.50;;
2025.10.07 10:20:21;461;GOLD;sell;out;0.01;3 947.79;461;0.00;0.00;- 17.42;3 221.08;;
2025.10.08 02:45:04;462;GOLD;buy;in;0.01;3 991.77;462;0.00;0.00;0.00;3 221.08;Grip;
2025.10.08 06:30:00;463;GOLD;buy;in;0.01;4 011.49;463;0.00;0.00;0.00;3 221.08;Grip;
2025.10.08 07:35:00;464;GOLD;buy;in;0.01;4 019.25;464;0.00;0.00;0.00;3 221.08;Grip;
2025.10.08 08:39:55;465;GOLD;sell;out;0.01;4 036.72;465;0.00;0.00; 44.95;3 266.03;tp 4036.71;
2025.10.08 09:36:29;466;GOLD;buy;in;0.01;4 030.06;466;0.00;0.00;0.00;3 266.03;Grip;
2025.10.08 10:36:00;467;GOLD;buy;in;0.01;4 038.34;467;0.00;0.00;0.00;3 266.03;Grip;
2025.10.08 19:30:47;468;GOLD;sell;out;0.01;4 056.83;468;0.00;0.00; 45.34;3 311.37;tp 4056.68;
2025.10.08 19:56:00;469;GOLD;buy;in;0.01;4 054.39;469;0.00;0.00;0.00;3 311.37;Grip;
2025.10.09 01:09:25;470;GOLD;sell;out;0.01;4 017.95;470;0.00;0.00;- 1.30;3 310.07;;
2025.10.09 01:09:25;471;GOLD;sell;out;0.01;4 017.95;471;0.00;0.00;- 12.11;3 297.96;;
2025.10.09 01:09:25;472;GOLD;sell;out;0.01;4 017.89;472;0.00;0.00;- 20.45;3 277.51;;
2025.10.09 01:09:25;473;GOLD;sell;out;0.01;4 017.72;473;0.00;0.00;- 36.67;3 240.84;;
2025.10.09 15:16:00;474;GOLD;buy;in;0.01;4 042.14;474;0.00;0.00;0.00;3 240.84;Grip;
2025.10.09 16:46:14;475;GOLD;sell;out;0.01;4 024.56;475;0.00;0.00;- 17.58;3 223.26;;
2025.10.13 09:41:00;476;GOLD;buy;in;0.01;4 067.92;476;0.00;0.00;0.00;3 223.26;Grip;
2025.10.13 10:54:00;477;GOLD;buy;in;0.01;4 075.18;477;0.00;0.00;0.00;3 223.26;Grip;
2025.10.13 11:09:10;478;GOLD;buy;in;0.01;4 075.51;478;0.00;0.00;0.00;3 223.26;Grip;
2025.10.13 12:47:45;479;GOLD;buy;in;0.01;4 075.62;479;0.00;0.00;0.00;3 223.26;Grip;
2025.10.13 19:10:32;480;GOLD;sell;out;0.01;4 113.27;480;0.00;0.00; 45.35;3 268.61;tp 4113.07;
2025.10.13 19:31:00;481;GOLD;buy;in;0.01;4 109.96;481;0.00;0.00;0.00;3 268.61;Grip;
2025.10.14 02:33:42;482;GOLD;sell;out;0.01;4 120.21;482;0.00;0.00; 45.03;3 313.64;tp 4120.16;
2025.10.14 02:33:43;483;GOLD;sell;out;0.01;4 120.47;483;0.00;0.00; 44.96;3 358.60;tp 4120.43;
2025.10.14 02:33:43;484;GOLD;sell;out;0.01;4 120.58;484;0.00;0.00; 44.96;3 403.56;tp 4120.55;
2025.10.14 05:05:00;485;GOLD;buy;in;0.01;4 140.53;485;0.00;0.00;0.00;3 403.56;Grip;
2025.10.14 06:05:01;486;GOLD;buy;in;0.01;4 148.58;486;0.00;0.00;0.00;3 403.56;Grip;
2025.10.14 06:13:50;487;GOLD;sell;out;0.01;4 154.94;487;0.00;0.00; 44.98;3 448.54;tp 4154.92;
2025.10.14 07:29:00;488;GOLD;buy;in;0.01;4 163.52;488;0.00;0.00;0.00;3 448.54;Grip;
2025.10.14 07:45:00;489;GOLD;buy;in;0.01;4 162.81;489;0.00;0.00;0.00;3 448.54;Grip;
2025.10.14 08:38:27;490;GOLD;sell;out;0.01;4 150.36;490;0.00;0.00; 9.83;3 458.37;;
2025.10.14 08:38:27;491;GOLD;sell;out;0.01;4 150.31;491;0.00;0.00; 1.73;3 460.10;;
2025.10.14 08:38:27;492;GOLD;sell;out;0.01;4 150.13;492;0.00;0.00;- 13.39;3 446.71;;
2025.10.14 08:38:27;493;GOLD;sell;out;0.01;4 150.03;493;0.00;0.00;- 12.78;3 433.93;;
2025.10.15 10:21:00;494;GOLD;buy;in;0.01;4 198.83;494;0.00;0.00;0.00;3 433.93;Grip;
2025.10.15 11:37:00;495;GOLD;buy;in;0.01;4 214.44;495;0.00;0.00;0.00;3 433.93;Grip;
2025.10.15 12:21:18;496;GOLD;sell;out;0.01;4 168.57;496;0.00;0.00;- 45.87;3 388.06;sl 4174.42;
2025.10.15 12:21:18;497;GOLD;sell;out;0.01;4 167.04;497;0.00;0.00;- 31.79;3 356.27;;
2025.10.15 18:44:00;498;GOLD;buy;in;0.01;4 195.77;498;0.00;0.00;0.00;3 356.27;Grip;
2025.10.15 18:51:11;499;GOLD;sell;out;0.01;4 180.01;499;0.00;0.00;- 15.76;3 340.51;;
2025.10.16 03:58:00;500;GOLD;buy;in;0.01;4 216.85;500;0.00;0.00;0.00;3 340.51;Grip;
2025.10.16 05:30:00;501;GOLD;buy;in;0.01;4 232.00;501;0.00;0.00;0.00;3 340.51;Grip;
2025.10.16 05:39:02;502;GOLD;buy;in;0.01;4 231.75;502;0.00;0.00;0.00;3 340.51;Grip;
2025.10.16 09:41:00;503;GOLD;buy;in;0.01;4 221.22;503;0.00;0.00;0.00;3 340.51;Grip;
2025.10.16 17:06:59;504;GOLD;sell;out;0.01;4 261.99;504;0.00;0.00; 45.14;3 385.65;tp 4261.96;
2025.10.16 17:31:07;505;GOLD;sell;out;0.01;4 266.34;505;0.00;0.00; 45.12;3 430.77;tp 4266.34;
2025.10.16 17:39:00;506;GOLD;buy;in;0.01;4 261.81;506;0.00;0.00;0.00;3 430.77;Grip;
2025.10.16 18:41:00;507;GOLD;buy;in;0.01;4 269.95;507;0.00;0.00;0.00;3 430.77;Grip;
2025.10.16 19:06:17;508;GOLD;sell;out;0.01;4 277.06;508;0.00;0.00; 45.06;3 475.83;tp 4277.00;
2025.10.16 19:06:17;509;GOLD;sell;out;0.01;4 277.06;509;0.00;0.00; 45.31;3 521.14;tp 4276.71;
2025.10.16 20:42:00;510;GOLD;buy;in;0.01;4 291.48;510;0.00;0.00;0.00;3 521.14;Grip;
2025.10.16 21:26:00;511;GOLD;buy;in;0.01;4 289.37;511;0.00;0.00;0.00;3 521.14;Grip;
2025.10.16 22:54:35;512;GOLD;sell;out;0.01;4 306.81;512;0.00;0.00; 45.00;3 566.14;tp 4306.81;
2025.10.16 23:03:03;513;GOLD;sell;out;0.01;4 314.97;513;0.00;0.00; 45.02;3 611.16;tp 4314.95;
2025.10.16 23:29:00;514;GOLD;buy;in;0.01;4 316.54;514;0.00;0.00;0.00;3 611.16;Grip;
2025.10.17 01:02:00;515;GOLD;sell;out;0.01;4 344.95;515;0.00;0.00; 53.47;3 664.63;tp 4336.48;
2025.10.17 01:02:00;516;GOLD;sell;out;0.01;4 344.95;516;0.00;0.00; 55.58;3 720.21;tp 4334.85;
2025.10.17 01:18:27;517;GOLD;sell;out;0.01;4 364.11;517;0.00;0.00; 47.57;3 767.78;tp 4361.62;
2025.10.23 21:39:01;518;GOLD;buy;in;0.01;4 139.59;518;0.00;0.00;0.00;3 767.78;Grip;
2025.10.23 23:00:06;519;GOLD;sell;out;0.01;4 114.72;519;0.00;0.00;- 24.87;3 742.91;;
2025.10.29 15:59:32;520;GOLD;buy;in;0.01;4 012.79;520;0.00;0.00;0.00;3 742.91;Grip;
2025.10.29 17:33:15;521;GOLD;buy;in;0.01;4 008.89;521;0.00;0.00;0.00;3 742.91;Grip;
2025.10.29 17:50:29;522;GOLD;sell;out;0.01;3 993.64;522;0.00;0.00;- 19.15;3 723.76;;
2025.10.29 17:50:29;523;GOLD;sell;out;0.01;3 993.70;523;0.00;0.00;- 15.19;3 708.57;;
2025.10.31 01:24:00;524;GOLD;buy;in;0.01;4 029.07;524;0.00;0.00;0.00;3 708.57;Grip;
2025.10.31 04:37:41;525;GOLD;sell;out;0.01;4 004.74;525;0.00;0.00;- 24.33;3 684.24;;
2025.11.10 05:57:46;526;GOLD;buy;in;0.01;4 050.30;526;0.00;0.00;0.00;3 684.24;Grip;
2025.11.10 06:35:00;527;GOLD;buy;in;0.01;4 053.86;527;0.00;0.00;0.00;3 684.24;Grip;
2025.11.10 06:52:00;528;GOLD;buy;in;0.01;4 054.09;528;0.00;0.00;0.00;3 684.24;Grip;
2025.11.10 08:56:00;529;GOLD;buy;in;0.01;4 072.63;529;0.00;0.00;0.00;3 684.24;Grip;
2025.11.10 14:21:47;530;GOLD;sell;out;0.01;4 095.43;530;0.00;0.00; 45.13;3 729.37;tp 4095.30;
2025.11.10 14:47:00;531;GOLD;buy;in;0.01;4 094.67;531;0.00;0.00;0.00;3 729.37;Grip;
2025.11.10 14:53:47;532;GOLD;sell;out;0.01;4 099.01;532;0.00;0.00; 45.15;3 774.52;tp 4098.86;
2025.11.10 14:53:47;533;GOLD;sell;out;0.01;4 099.17;533;0.00;0.00; 45.08;3 819.60;tp 4099.06;
2025.11.10 15:33:00;534;GOLD;buy;in;0.01;4 102.10;534;0.00;0.00;0.00;3 819.60;Grip;
2025.11.10 17:28:00;535;GOLD;buy;in;0.01;4 089.65;535;0.00;0.00;0.00;3 819.60;Grip;
2025.11.11 01:06:27;536;GOLD;sell;out;0.01;4 117.70;536;0.00;0.00; 45.07;3 864.67;tp 4117.63;
2025.11.11 01:37:00;537;GOLD;buy;in;0.01;4 119.38;537;0.00;0.00;0.00;3 864.67;Grip;
2025.11.11 03:03:24;538;GOLD;sell;out;0.01;4 134.74;538;0.00;0.00; 45.09;3 909.76;tp 4134.61;
2025.11.11 03:31:51;539;GOLD;sell;out;0.01;4 139.56;539;0.00;0.00; 44.89;3 954.65;tp 4139.54;
2025.11.11 03:54:00;540;GOLD;buy;in;0.01;4 136.06;540;0.00;0.00;0.00;3 954.65;Grip;
2025.11.11 04:50:00;541;GOLD;buy;in;0.01;4 136.92;541;0.00;0.00;0.00;3 954.65;Grip;
2025.11.11 05:32:24;542;GOLD;sell;out;0.01;4 147.13;542;0.00;0.00; 45.03;3 999.68;tp 4147.12;
2025.11.11 05:45:01;543;GOLD;buy;in;0.01;4 144.99;543;0.00;0.00;0.00;3 999.68;Grip;
2025.11.11 16:49:49;544;GOLD;sell;out;0.01;4 120.92;544;0.00;0.00; 1.54;4 001.22;;
2025.11.11 16:49:49;545;GOLD;sell;out;0.01;4 120.91;545;0.00;0.00;- 15.15;3 986.07;;
2025.11.11 16:49:49;546;GOLD;sell;out;0.01;4 120.85;546;0.00;0.00;- 16.07;3 970.00;;
2025.11.11 16:49:50;547;GOLD;sell;out;0.01;4 120.89;547;0.00;0.00;- 24.10;3 945.90;;
2025.11.13 02:14:06;548;GOLD;buy;in;0.01;4 190.40;548;0.00;0.00;0.00;3 945.90;Grip;
2025.11.13 05:37:00;549;GOLD;buy;in;0.01;4 201.86;549;0.00;0.00;0.00;3 945.90;Grip;
2025.11.13 06:23:00;550;GOLD;buy;in;0.01;4 211.12;550;0.00;0.00;0.00;3 945.90;Grip;
2025.11.13 07:40:06;551;GOLD;buy;in;0.01;4 216.19;551;0.00;0.00;0.00;3 945.90;Grip;
2025.11.13 10:20:15;552;GOLD;sell;out;0.01;4 235.44;552;0.00;0.00; 45.04;3 990.94;tp 4235.41;
2025.11.13 10:48:00;553;GOLD;buy;in;0.01;4 234.43;553;0.00;0.00;0.00;3 990.94;Grip;
2025.11.13 16:31:23;554;GOLD;sell;out;0.01;4 204.24;554;0.00;0.00; 2.38;3 993.32;;
2025.11.13 16:31:23;555;GOLD;sell;out;0.01;4 204.31;555;0.00;0.00;- 6.81;3 986.51;;
2025.11.13 16:31:23;556;GOLD;sell;out;0.01;4 204.29;556;0.00;0.00;- 11.90;3 974.61;;
2025.11.13 16:31:23;557;GOLD;sell;out;0.01;4 204.23;557;0.00;0.00;- 30.20;3 944.41;;
2025.11.25 04:12:01;558;GOLD;buy;in;0.01;4 136.58;558;0.00;0.00;0.00;3 944.41;Grip;
2025.11.25 05:05:00;559;GOLD;buy;in;0.01;4 148.73;559;0.00;0.00;0.00;3 944.41;Grip;
2025.11.25 09:43:00;560;GOLD;buy;in;0.01;4 137.77;560;0.00;0.00;0.00;3 944.41;Grip;
2025.11.25 12:40:17;561;GOLD;buy;in;0.01;4 131.46;561;0.00;0.00;0.00;3 944.41;Grip;
2025.11.25 16:46:05;562;GOLD;sell;out;0.01;4 114.03;562;0.00;0.00;- 22.55;3 921.86;;
2025.11.25 16:46:05;563;GOLD;sell;out;0.01;4 114.07;563;0.00;0.00;- 34.66;3 887.20;;
2025.11.25 16:46:05;564;GOLD;sell;out;0.01;4 114.33;564;0.00;0.00;- 23.44;3 863.76;;
2025.11.25 16:46:05;565;GOLD;sell;out;0.01;4 114.85;565;0.00;0.00;- 16.61;3 847.15;;
2025.11.25 20:46:53;566;GOLD;buy;in;0.01;4 141.02;566;0.00;0.00;0.00;3 847.15;Grip;
2025.11.25 21:11:23;567;GOLD;buy;in;0.01;4 140.16;567;0.00;0.00;0.00;3 847.15;Grip;
2025.11.26 04:01:00;568;GOLD;buy;in;0.01;4 148.20;568;0.00;0.00;0.00;3 847.15;Grip;
2025.11.26 06:33:49;569;GOLD;buy;in;0.01;4 160.25;569;0.00;0.00;0.00;3 847.15;Grip;
2025.11.28 03:00:30;570;GOLD;sell;out;0.01;4 185.35;570;0.00;0.00; 45.19;3 892.34;tp 4185.16;
2025.11.28 03:01:01;571;GOLD;sell;out;0.01;4 186.51;571;0.00;0.00; 45.49;3 937.83;tp 4186.45;
2025.11.28 03:28:00;572;GOLD;buy;in;0.01;4 188.25;572;0.00;0.00;0.00;3 937.83;Grip;
2025.11.28 06:36:00;573;GOLD;buy;in;0.01;4 184.56;573;0.00;0.00;0.00;3 937.83;Grip;
2025.11.28 10:21:57;574;GOLD;sell;out;0.01;4 154.82;574;0.00;0.00; 6.62;3 944.45;;
2025.11.28 10:21:57;575;GOLD;sell;out;0.01;4 155.86;575;0.00;0.00;- 4.39;3 940.06;;
2025.11.28 10:21:57;576;GOLD;sell;out;0.01;4 155.86;576;0.00;0.00;- 32.39;3 907.67;;
2025.11.28 10:21:57;577;GOLD;sell;out;0.01;4 154.91;577;0.00;0.00;- 29.65;3 878.02;;
2025.12.01 01:52:00;578;GOLD;buy;in;0.01;4 223.75;578;0.00;0.00;0.00;3 878.02;Grip;
2025.12.01 03:26:00;579;GOLD;buy;in;0.01;4 230.11;579;0.00;0.00;0.00;3 878.02;Grip;
2025.12.01 04:21:00;580;GOLD;buy;in;0.01;4 246.53;580;0.00;0.00;0.00;3 878.02;Grip;
2025.12.01 09:13:00;581;GOLD;buy;in;0.01;4 237.81;581;0.00;0.00;0.00;3 878.02;Grip;
2025.12.01 16:37:49;582;GOLD;sell;out;0.01;4 228.22;582;0.00;0.00; 4.47;3 882.49;;
2025.12.01 16:37:49;583;GOLD;sell;out;0.01;4 228.24;583;0.00;0.00;- 1.87;3 880.62;;
2025.12.01 16:37:50;584;GOLD;sell;out;0.01;4 228.19;584;0.00;0.00;- 18.34;3 862.28;;
2025.12.01 16:37:50;585;GOLD;sell;out;0.01;4 228.22;585;0.00;0.00;- 9.59;3 852.69;;
2025.12.05 14:36:00;586;GOLD;buy;in;0.01;4 224.47;586;0.00;0.00;0.00;3 852.69;Grip;
2025.12.05 16:21:00;587;GOLD;buy;in;0.01;4 234.52;587;0.00;0.00;0.00;3 852.69;Grip;
2025.12.05 17:15:00;588;GOLD;buy;in;0.01;4 240.02;588;0.00;0.00;0.00;3 852.69;Grip;
2025.12.05 18:10:00;589;GOLD;sell;out;0.01;4 225.42;589;0.00;0.00; 0.95;3 853.64;;
2025.12.05 18:10:00;590;GOLD;sell;out;0.01;4 225.66;590;0.00;0.00;- 8.86;3 844.78;;
2025.12.05 18:10:01;591;GOLD;sell;out;0.01;4 226.25;591;0.00;0.00;- 13.77;3 831.01;;
2025.12.11 23:06:01;592;GOLD;buy;in;0.01;4 274.00;592;0.00;0.00;0.00;3 831.01;Grip;
2025.12.12 01:14:01;593;GOLD;buy;in;0.01;4 282.62;593;0.00;0.00;0.00;3 831.01;Grip;
2025.12.12 04:41:00;594;GOLD;buy;in;0.01;4 276.02;594;0.00;0.00;0.00;3 831.01;Grip;
2025.12.12 09:02:55;595;GOLD;buy;in;0.01;4 282.51;595;0.00;0.00;0.00;3 831.01;Grip;
2025.12.12 11:56:09;596;GOLD;sell;out;0.01;4 319.01;596;0.00;0.00; 45.01;3 876.02;tp 4319.00;
2025.12.12 12:21:17;597;GOLD;buy;in;0.01;4 320.34;597;0.00;0.00;0.00;3 876.02;Grip;
2025.12.12 12:21:49;598;GOLD;sell;out;0.01;4 321.07;598;0.00;0.00; 45.05;3 921.07;tp 4321.02;
2025.12.12 12:44:35;599;GOLD;sell;out;0.01;4 327.61;599;0.00;0.00; 45.10;3 966.17;tp 4327.48;
2025.12.12 12:44:35;600;GOLD;sell;out;0.01;4 327.74;600;0.00;0.00; 45.12;4 011.29;tp 4327.68;
2025.12.12 13:31:00;601;GOLD;buy;in;0.01;4 334.23;601;0.00;0.00;0.00;4 011.29;Grip;
2025.12.12 16:01:00;602;GOLD;buy;in;0.01;4 340.42;602;0.00;0.00;0.00;4 011.29;Grip;
2025.12.12 17:20:58;603;GOLD;sell;out;0.01;4 322.24;603;0.00;0.00; 1.90;4 013.19;;
2025.12.12 17:20:58;604;GOLD;sell;out;0.01;4 321.07;604;0.00;0.00;- 13.16;4 000.03;;
2025.12.12 17:20:58;605;GOLD;sell;out;0.01;4 321.24;605;0.00;0.00;- 19.18;3 980.85;;
2025.12.15 11:04:05;606;GOLD;buy;in;0.01;4 345.94;606;0.00;0.00;0.00;3 980.85;Grip;
2025.12.15 14:27:00;607;GOLD;buy;in;0.01;4 344.93;607;0.00;0.00;0.00;3 980.85;Grip;
2025.12.15 17:01:03;608;GOLD;sell;out;0.01;4 315.53;608;0.00;0.00;- 30.41;3 950.44;;
2025.12.15 17:01:04;609;GOLD;sell;out;0.01;4 315.80;609;0.00;0.00;- 29.13;3 921.31;;
2025.12.17 23:16:09;610;GOLD;buy;in;0.01;4 345.27;610;0.00;0.00;0.00;3 921.31;Grip;
2025.12.18 03:25:22;611;GOLD;sell;out;0.01;4 324.87;611;0.00;0.00;- 20.40;3 900.91;;
2025.12.22 06:19:00;612;GOLD;buy;in;0.01;4 394.82;612;0.00;0.00;0.00;3 900.91;Grip;
2025.12.22 08:07:00;613;GOLD;buy;in;0.01;4 401.07;613;0.00;0.00;0.00;3 900.91;Grip;
2025.12.22 09:14:02;614;GOLD;buy;in;0.01;4 411.19;614;0.00;0.00;0.00;3 900.91;Grip;
2025.12.22 18:18:32;615;GOLD;sell;out;0.01;4 439.81;615;0.00;0.00; 44.99;3 945.90;tp 4439.81;
2025.12.22 18:40:00;616;GOLD;buy;in;0.01;4 437.17;616;0.00;0.00;0.00;3 945.90;Grip;
2025.12.22 21:59:00;617;GOLD;buy;in;0.01;4 433.86;617;0.00;0.00;0.00;3 945.90;Grip;
2025.12.22 23:26:49;618;GOLD;sell;out;0.01;4 446.18;618;0.00;0.00; 45.11;3 991.01;tp 4446.07;
2025.12.22 23:55:00;619;GOLD;buy;in;0.01;4 445.43;619;0.00;0.00;0.00;3 991.01;Grip;
2025.12.23 01:15:28;620;GOLD;sell;out;0.01;4 456.48;620;0.00;0.00; 45.29;4 036.30;tp 4456.45;
2025.12.23 03:04:42;621;GOLD;sell;out;0.01;4 478.89;621;0.00;0.00; 45.03;4 081.33;tp 4478.86;
2025.12.23 03:10:03;622;GOLD;sell;out;0.01;4 482.34;622;0.00;0.00; 45.17;4 126.50;tp 4482.17;
2025.12.23 03:38:00;623;GOLD;buy;in;0.01;4 484.72;623;0.00;0.00;0.00;4 126.50;Grip;
2025.12.23 03:55:02;624;GOLD;sell;out;0.01;4 490.44;624;0.00;0.00; 45.01;4 171.51;tp 4490.33;
2025.12.23 04:59:59;625;GOLD;buy;in;0.01;4 493.23;625;0.00;0.00;0.00;4 171.51;Grip;
2025.12.23 07:07:01;626;GOLD;buy;in;0.01;4 484.73;626;0.00;0.00;0.00;4 171.51;Grip;
2025.12.23 08:12:08;627;GOLD;sell;out;0.01;4 470.36;627;0.00;0.00;- 14.36;4 157.15;;
2025.12.23 08:12:08;628;GOLD;sell;out;0.01;4 470.40;628;0.00;0.00;- 22.83;4 134.32;;
2025.12.23 08:12:08;629;GOLD;sell;out;0.01;4 470.35;629;0.00;0.00;- 14.38;4 119.94;;
2025.12.26 18:22:00;630;GOLD;buy;in;0.01;4 543.37;630;0.00;0.00;0.00;4 119.94;Grip;
2025.12.26 21:07:46;631;GOLD;buy;in;0.01;4 528.74;631;0.00;0.00;0.00;4 119.94;Grip;
2025.12.26 21:43:13;632;GOLD;buy;in;0.01;4 527.80;632;0.00;0.00;0.00;4 119.94;Grip;
2025.12.29 02:20:32;633;GOLD;sell;out;0.01;4 506.53;633;0.00;0.00;- 36.84;4 083.10;;
2025.12.29 02:20:32;634;GOLD;sell;out;0.01;4 506.66;634;0.00;0.00;- 22.08;4 061.02;;
2025.12.29 02:20:32;635;GOLD;sell;out;0.01;4 506.39;635;0.00;0.00;- 21.41;4 039.61;;
2026.01.05 12:59:20;636;GOLD;buy;in;0.01;4 436.60;636;0.00;0.00;0.00;4 039.61;Grip;
2026.01.05 13:39:00;637;GOLD;buy;in;0.01;4 421.91;637;0.00;0.00;0.00;4 039.61;Grip;
2026.01.05 14:42:56;638;GOLD;sell;out;0.01;4 409.09;638;0.00;0.00;- 27.51;4 012.10;;
2026.01.05 14:42:56;639;GOLD;sell;out;0.01;4 408.76;639;0.00;0.00;- 13.15;3 998.95;;
2026.01.06 10:49:00;640;GOLD;buy;in;0.01;4 466.25;640;0.00;0.00;0.00;3 998.95;Grip;
2026.01.06 12:03:14;641;GOLD;sell;out;0.01;4 443.30;641;0.00;0.00;- 22.95;3 976.00;;
2026.01.06 20:04:33;642;GOLD;buy;in;0.01;4 489.75;642;0.00;0.00;0.00;3 976.00;Grip;
2026.01.06 21:46:00;643;GOLD;buy;in;0.01;4 483.97;643;0.00;0.00;0.00;3 976.00;Grip;
2026.01.06 23:23:00;644;GOLD;buy;in;0.01;4 493.79;644;0.00;0.00;0.00;3 976.00;Grip;
2026.01.07 01:31:04;645;GOLD;buy;in;0.01;4 498.88;645;0.00;0.00;0.00;3 976.00;Grip;
2026.01.07 03:57:09;646;GOLD;sell;out;0.01;4 462.34;646;0.00;0.00;- 27.41;3 948.59;;
2026.01.07 03:57:10;647;GOLD;sell;out;0.01;4 462.33;647;0.00;0.00;- 21.64;3 926.95;;
2026.01.07 03:57:10;648;GOLD;sell;out;0.01;4 462.22;648;0.00;0.00;- 31.57;3 895.38;;
2026.01.07 03:57:10;649;GOLD;sell;out;0.01;4 462.19;649;0.00;0.00;- 36.69;3 858.69;;
2026.01.09 12:59:01;650;GOLD;buy;in;0.01;4 472.07;650;0.00;0.00;0.00;3 858.69;Grip;
2026.01.09 16:06:00;651;GOLD;buy;in;0.01;4 481.58;651;0.00;0.00;0.00;3 858.69;Grip;
2026.01.09 17:01:00;652;GOLD;buy;in;0.01;4 494.29;652;0.00;0.00;0.00;3 858.69;Grip;
2026.01.09 20:14:00;653;GOLD;buy;in;0.01;4 492.11;653;0.00;0.00;0.00;3 858.69;Grip;
2026.01.12 01:03:25;654;GOLD;sell;out;0.01;4 517.15;654;0.00;0.00; 45.08;3 903.77;tp 4517.06;
2026.01.12 01:06:40;655;GOLD;sell;out;0.01;4 526.73;655;0.00;0.00; 45.15;3 948.92;tp 4526.64;
2026.01.12 01:29:46;656;GOLD;sell;out;0.01;4 537.20;656;0.00;0.00; 45.09;3 994.01;tp 4537.20;
2026.01.12 01:41:01;657;GOLD;sell;out;0.01;4 539.33;657;0.00;0.00; 45.04;4 039.05;tp 4539.32;
2026.01.12 03:28:00;658;GOLD;buy;in;0.01;4 577.02;658;0.00;0.00;0.00;4 039.05;Grip;
2026.01.12 03:59:35;659;GOLD;sell;out;0.01;4 571.01;659;0.00;0.00;- 6.01;4 033.04;;
2026.01.12 13:42:29;660;GOLD;buy;in;0.01;4 591.65;660;0.00;0.00;0.00;4 033.04;Grip;
2026.01.12 16:10:14;661;GOLD;sell;out;0.01;4 592.96;661;0.00;0.00; 1.31;4 034.35;;
2026.01.20 14:40:45;662;GOLD;buy;in;0.01;4 728.75;662;0.00;0.00;0.00;4 034.35;Grip;
2026.01.20 17:37:01;663;GOLD;buy;in;0.01;4 726.44;663;0.00;0.00;0.00;4 034.35;Grip;
2026.01.20 18:42:00;664;GOLD;buy;in;0.01;4 742.52;664;0.00;0.00;0.00;4 034.35;Grip;
2026.01.20 20:27:46;665;GOLD;buy;in;0.01;4 760.77;665;0.00;0.00;0.00;4 034.35;Grip;
2026.01.21 01:44:18;666;GOLD;sell;out;0.01;4 771.22;666;0.00;0.00; 44.78;4 079.13;tp 4771.22;
2026.01.21 01:45:00;667;GOLD;sell;out;0.01;4 773.77;667;0.00;0.00; 45.02;4 124.15;tp 4773.77;
2026.01.21 02:13:00;668;GOLD;buy;in;0.01;4 776.22;668;0.00;0.00;0.00;4 124.15;Grip;
2026.01.21 03:01:09;669;GOLD;sell;out;0.01;4 787.62;669;0.00;0.00; 45.10;4 169.25;tp 4787.57;
2026.01.21 03:13:59;670;GOLD;sell;out;0.01;4 805.98;670;0.00;0.00; 45.21;4 214.46;tp 4805.79;
2026.01.21 03:27:21;671;GOLD;sell;out;0.01;4 821.24;671;0.00;0.00; 45.02;4 259.48;tp 4821.21;
2026.01.21 04:19:01;672;GOLD;buy;in;0.01;4 826.33;672;0.00;0.00;0.00;4 259.48;Grip;
2026.01.21 05:32:38;673;GOLD;buy;in;0.01;4 836.89;673;0.00;0.00;0.00;4 259.48;Grip;
2026.01.21 07:08:00;674;GOLD;buy;in;0.01;4 860.72;674;0.00;0.00;0.00;4 259.48;Grip;
2026.01.21 07:18:26;675;GOLD;sell;out;0.01;4 871.39;675;0.00;0.00; 45.06;4 304.54;tp 4871.33;
2026.01.21 08:00:00;676;GOLD;buy;in;0.01;4 870.35;676;0.00;0.00;0.00;4 304.54;Grip;
2026.01.21 08:25:23;677;GOLD;sell;out;0.01;4 882.05;677;0.00;0.00; 45.16;4 349.70;tp 4882.02;
2026.01.21 08:43:20;678;GOLD;sell;out;0.01;4 859.43;678;0.00;0.00;- 1.29;4 348.41;;
2026.01.21 08:43:20;679;GOLD;sell;out;0.01;4 859.37;679;0.00;0.00;- 10.98;4 337.43;;
2026.01.22 22:46:00;680;GOLD;buy;in;0.01;4 923.68;680;0.00;0.00;0.00;4 337.43;Grip;
2026.01.22 23:14:15;681;GOLD;buy;in;0.01;4 923.48;681;0.00;0.00;0.00;4 337.43;Grip;
2026.01.23 01:27:00;682;GOLD;buy;in;0.01;4 941.78;682;0.00;0.00;0.00;4 337.43;Grip;
2026.01.23 01:30:57;683;GOLD;sell;out;0.01;4 931.84;683;0.00;0.00; 8.16;4 345.59;;
2026.01.23 01:30:57;684;GOLD;sell;out;0.01;4 931.92;684;0.00;0.00; 8.44;4 354.03;;
2026.01.23 01:30:57;685;GOLD;sell;out;0.01;4 931.90;685;0.00;0.00;- 9.88;4 344.15;;
2026.01.23 22:15:00;686;GOLD;buy;in;0.01;4 981.65;686;0.00;0.00;0.00;4 344.15;Grip;
2026.01.26 01:03:03;687;GOLD;sell;out;0.01;5 026.66;687;0.00;0.00; 45.01;4 389.16;tp 5026.65;
2026.01.26 01:45:00;688;GOLD;buy;in;0.01;5 025.26;688;0.00;0.00;0.00;4 389.16;Grip;
2026.01.26 02:25:52;689;GOLD;buy;in;0.01;5 037.98;689;0.00;0.00;0.00;4 389.16;Grip;
2026.01.26 03:25:17;690;GOLD;sell;out;0.01;5 070.22;690;0.00;0.00; 44.96;4 434.12;tp 5070.21;
2026.01.26 03:34:47;691;GOLD;sell;out;0.01;5 083.07;691;0.00;0.00; 45.09;4 479.21;tp 5083.06;
2026.01.28 08:14:00;692;GOLD;buy;in;0.01;5 259.91;692;0.00;0.00;0.00;4 479.21;Grip;
2026.01.28 09:46:00;693;GOLD;buy;in;0.01;5 279.30;693;0.00;0.00;0.00;4 479.21;Grip;
2026.01.28 10:32:34;694;GOLD;sell;out;0.01;5 304.94;694;0.00;0.00; 45.03;4 524.24;tp 5304.91;
2026.01.28 10:45:31;695;GOLD;sell;out;0.01;5 285.50;695;0.00;0.00; 6.20;4 530.44;;
2026.02.06 19:29:00;696;GOLD;buy;in;0.01;4 954.30;696;0.00;0.00;0.00;4 530.44;Grip;
2026.02.06 19:30:31;697;GOLD;buy;in;0.01;4 963.41;697;0.00;0.00;0.00;4 530.44;Grip;
2026.02.06 19:56:35;698;GOLD;buy;in;0.01;4 963.03;698;0.00;0.00;0.00;4 530.44;Grip;
2026.02.06 21:46:10;699;GOLD;buy;in;0.01;4 955.69;699;0.00;0.00;0.00;4 530.44;Grip;
2026.02.09 01:25:09;700;GOLD;sell;out;0.01;4 999.58;700;0.00;0.00; 45.28;4 575.72;tp 4999.30;
2026.02.09 01:25:16;701;GOLD;sell;out;0.01;5 001.19;701;0.00;0.00; 45.50;4 621.22;tp 5000.69;
2026.02.09 01:25:49;702;GOLD;sell;out;0.01;5 007.59;702;0.00;0.00; 44.18;4 665.40;tp 5007.40;
2026.02.09 01:25:53;703;GOLD;sell;out;0.01;5 008.21;703;0.00;0.00; 45.18;4 710.58;tp 5008.16;
2026.02.09 02:22:00;704;GOLD;buy;in;0.01;5 033.89;704;0.00;0.00;0.00;4 710.58;Grip;
2026.02.09 03:01:30;705;GOLD;buy;in;0.01;5 030.47;705;0.00;0.00;0.00;4 710.58;Grip;
2026.02.09 03:07:16;706;GOLD;sell;out;0.01;5 006.06;706;0.00;0.00;- 27.83;4 682.75;;
2026.02.09 03:07:16;707;GOLD;sell;out;0.01;5 007.00;707;0.00;0.00;- 23.47;4 659.28;;
2026.02.20 23:23:00;708;GOLD;buy;in;0.01;5 095.37;708;0.00;0.00;0.00;4 659.28;Grip;
2026.02.23 01:10:11;709;GOLD;sell;out;0.01;5 140.42;709;0.00;0.00; 45.05;4 704.33;tp 5140.37;
2026.02.24 01:42:03;710;GOLD;buy;in;0.01;5 239.38;710;0.00;0.00;0.00;4 704.33;Grip;
2026.02.24 02:16:00;711;GOLD;buy;in;0.01;5 231.38;711;0.00;0.00;0.00;4 704.33;Grip;
2026.02.24 03:00:08;712;GOLD;sell;out;0.01;5 202.38;712;0.00;0.00;- 37.00;4 667.33;;
2026.02.24 03:00:08;713;GOLD;sell;out;0.01;5 202.28;713;0.00;0.00;- 29.10;4 638.23;;
2026.02.27 23:11:00;714;GOLD;buy;in;0.01;5 261.60;714;0.00;0.00;0.00;4 638.23;Grip;
2026.03.02 01:02:00;715;GOLD;sell;out;0.01;5 317.87;715;0.00;0.00; 56.27;4 694.50;tp 5306.60;
2026.03.10 04:22:00;716;GOLD;buy;in;0.01;5 177.21;716;0.00;0.00;0.00;4 694.50;Grip;
2026.03.10 06:40:30;717;GOLD;buy;in;0.01;5 164.81;717;0.00;0.00;0.00;4 694.50;Grip;
2026.03.10 08:23:00;718;GOLD;buy;in;0.01;5 177.75;718;0.00;0.00;0.00;4 694.50;Grip;
2026.03.10 10:29:34;719;GOLD;buy;in;0.01;5 184.10;719;0.00;0.00;0.00;4 694.50;Grip;
2026.03.10 15:18:22;720;GOLD;sell;out;0.01;5 210.06;720;0.00;0.00; 45.25;4 739.75;tp 5209.84;
2026.03.10 15:24:05;721;GOLD;sell;out;0.01;5 222.44;721;0.00;0.00; 45.23;4 784.98;tp 5222.19;
2026.03.10 15:24:06;722;GOLD;sell;out;0.01;5 222.82;722;0.00;0.00; 45.07;4 830.05;tp 5222.76;
2026.03.10 15:58:00;723;GOLD;buy;in;0.01;5 214.82;723;0.00;0.00;0.00;4 830.05;Grip;
2026.03.10 16:07:43;724;GOLD;sell;out;0.01;5 191.12;724;0.00;0.00; 7.02;4 837.07;;
2026.03.10 16:07:43;725;GOLD;sell;out;0.01;5 191.46;725;0.00;0.00;- 23.36;4 813.71;;
2026.03.20 07:19:24;726;GOLD;buy;in;0.01;4 719.37;726;0.00;0.00;0.00;4 813.71;Grip;
2026.03.20 07:48:12;727;GOLD;sell;out;0.01;4 699.02;727;0.00;0.00;- 20.35;4 793.36;;
2026.04.08 01:32:58;728;GOLD;buy;in;0.01;4 728.06;728;0.00;0.00;0.00;4 793.36;Grip;
2026.04.08 01:39:35;729;GOLD;sell;out;0.01;4 773.09;729;0.00;0.00; 45.03;4 838.39;tp 4773.05;
2026.04.08 02:29:00;730;GOLD;buy;in;0.01;4 814.77;730;0.00;0.00;0.00;4 838.39;Grip;
2026.04.08 02:39:18;731;GOLD;sell;out;0.01;4 803.89;731;0.00;0.00;- 10.88;4 827.51;;
2026.04.14 09:26:00;732;GOLD;buy;in;0.01;4 765.43;732;0.00;0.00;0.00;4 827.51;Grip;
2026.04.14 10:34:00;733;GOLD;buy;in;0.01;4 774.75;733;0.00;0.00;0.00;4 827.51;Grip;
2026.04.14 11:59:43;734;GOLD;buy;in;0.01;4 785.68;734;0.00;0.00;0.00;4 827.51;Grip;
2026.04.14 13:39:02;735;GOLD;sell;out;0.01;4 753.56;735;0.00;0.00;- 11.87;4 815.64;;
2026.04.14 13:39:02;736;GOLD;sell;out;0.01;4 754.81;736;0.00;0.00;- 19.94;4 795.70;;
2026.04.14 13:39:03;737;GOLD;sell;out;0.01;4 756.35;737;0.00;0.00;- 29.33;4 766.37;;
2026.04.14 20:03:36;738;GOLD;buy;in;0.01;4 817.54;738;0.00;0.00;0.00;4 766.37;Grip;
2026.04.14 21:04:00;739;GOLD;buy;in;0.01;4 836.92;739;0.00;0.00;0.00;4 766.37;Grip;
2026.04.14 22:29:52;740;GOLD;buy;in;0.01;4 841.32;740;0.00;0.00;0.00;4 766.37;Grip;
2026.04.15 04:16:15;741;GOLD;sell;out;0.01;4 862.72;741;0.00;0.00; 45.18;4 811.55;tp 4862.58;
2026.04.15 05:25:31;742;GOLD;sell;out;0.01;4 834.89;742;0.00;0.00;- 2.03;4 809.52;;
2026.04.15 05:25:31;743;GOLD;sell;out;0.01;4 834.65;743;0.00;0.00;- 6.67;4 802.85;;
2026.05.06 09:37:00;744;GOLD;buy;in;0.01;4 662.88;744;0.00;0.00;0.00;4 802.85;Grip;
2026.05.06 11:25:00;745;GOLD;buy;in;0.01;4 678.73;745;0.00;0.00;0.00;4 802.85;Grip;
2026.05.06 11:42:51;746;GOLD;buy;in;0.01;4 677.81;746;0.00;0.00;0.00;4 802.85;Grip;
2026.05.06 12:00:23;747;GOLD;sell;out;0.01;4 707.81;747;0.00;0.00; 44.93;4 847.78;tp 4707.78;
2026.05.06 13:00:30;748;GOLD;buy;in;0.01;4 706.00;748;0.00;0.00;0.00;4 847.78;Grip;
2026.05.06 13:54:06;749;GOLD;sell;out;0.01;4 722.75;749;0.00;0.00; 44.94;4 892.72;tp 4722.58;
2026.05.06 14:18:00;750;GOLD;buy;in;0.01;4 712.33;750;0.00;0.00;0.00;4 892.72;Grip;
2026.05.06 14:57:05;751;GOLD;sell;out;0.01;4 693.59;751;0.00;0.00; 14.86;4 907.58;;
2026.05.06 14:57:05;752;GOLD;sell;out;0.01;4 693.67;752;0.00;0.00;- 12.33;4 895.25;;
2026.05.06 14:57:05;753;GOLD;sell;out;0.01;4 693.66;753;0.00;0.00;- 18.67;4 876.58;;
2026.05.07 17:51:01;754;GOLD;buy;in;0.01;4 759.58;754;0.00;0.00;0.00;4 876.58;Grip;
2026.05.07 18:58:19;755;GOLD;sell;out;0.01;4 726.51;755;0.00;0.00;- 33.07;4 843.51;;
2026.05.21 04:51:00;756;GOLD;buy;in;0.01;4 564.25;756;0.00;0.00;0.00;4 843.51;Grip;
2026.05.21 05:33:57;757;GOLD;sell;out;0.01;4 534.32;757;0.00;0.00;- 29.93;4 813.58;;
2026.05.25 12:29:00;758;GOLD;buy;in;0.01;4 558.58;758;0.00;0.00;0.00;4 813.58;Grip;
2026.05.25 13:40:00;759;GOLD;buy;in;0.01;4 571.18;759;0.00;0.00;0.00;4 813.58;Grip;
2026.05.25 14:13:00;760;GOLD;buy;in;0.01;4 569.99;760;0.00;0.00;0.00;4 813.58;Grip;
2026.05.25 14:43:00;761;GOLD;buy;in;0.01;4 574.95;761;0.00;0.00;0.00;4 813.58;Grip;
2026.05.26 03:18:55;762;GOLD;sell;out;0.01;4 543.91;762;0.00;0.00;- 14.67;4 798.91;;
2026.05.26 03:18:56;763;GOLD;sell;out;0.01;4 543.62;763;0.00;0.00;- 27.56;4 771.35;;
2026.05.26 03:18:56;764;GOLD;sell;out;0.01;4 542.83;764;0.00;0.00;- 27.16;4 744.19;;
2026.05.26 03:18:56;765;GOLD;sell;out;0.01;4 542.44;765;0.00;0.00;- 32.51;4 711.68;;
2026.05.29 10:32:26;766;GOLD;buy;in;0.01;4 516.55;766;0.00;0.00;0.00;4 711.68;Grip;
2026.05.29 11:02:00;767;GOLD;buy;in;0.01;4 521.97;767;0.00;0.00;0.00;4 711.68;Grip;
2026.05.29 11:57:58;768;GOLD;buy;in;0.01;4 515.09;768;0.00;0.00;0.00;4 711.68;Grip;
2026.05.29 13:59:00;769;GOLD;buy;in;0.01;4 537.19;769;0.00;0.00;0.00;4 711.68;Grip;
2026.05.29 15:42:00;770;GOLD;sell;out;0.01;4 514.74;770;0.00;0.00;- 1.81;4 709.87;;
2026.05.29 15:42:00;771;GOLD;sell;out;0.01;4 514.70;771;0.00;0.00;- 7.27;4 702.60;;
2026.05.29 15:42:00;772;GOLD;sell;out;0.01;4 514.83;772;0.00;0.00;- 0.26;4 702.34;;
2026.05.29 15:42:01;773;GOLD;sell;out;0.01;4 514.83;773;0.00;0.00;- 22.36;4 679.98;;
2026.06.26 19:05:00;774;GOLD;buy;in;0.01;4 091.95;774;0.00;0.00;0.00;4 679.98;Grip;
2026.06.26 23:23:27;775;GOLD;buy;in;0.01;4 071.45;775;0.00;0.00;0.00;4 679.98;Grip;
2026.06.29 02:32:14;776;GOLD;sell;out;0.01;4 051.67;776;0.00;0.00;- 40.28;4 639.70;sl 4051.79;
2026.06.29 03:27:46;777;GOLD;sell;out;0.01;4 049.44;777;0.00;0.00;- 22.01;4 617.69;;
2026.07.02 23:56:13;778;GOLD;buy;in;0.01;4 123.27;778;0.00;0.00;0.00;4 617.69;Grip;
2026.07.03 01:34:21;779;GOLD;buy;in;0.01;4 126.05;779;0.00;0.00;0.00;4 617.69;Grip;
2026.07.03 03:49:00;780;GOLD;buy;in;0.01;4 139.10;780;0.00;0.00;0.00;4 617.69;Grip;
2026.07.03 04:08:21;781;GOLD;sell;out;0.01;4 168.46;781;0.00;0.00; 45.19;4 662.88;tp 4168.28;
2026.07.03 04:08:31;782;GOLD;sell;out;0.01;4 170.94;782;0.00;0.00; 44.89;4 707.77;tp 4170.88;
2026.07.03 04:20:37;783;GOLD;sell;out;0.01;4 183.99;783;0.00;0.00; 44.89;4 752.66;tp 4183.96;
2026.07.10 02:46:27;784;GOLD;buy;in;0.01;4 124.44;784;0.00;0.00;0.00;4 752.66;Grip;
2026.07.10 03:34:05;785;GOLD;sell;out;0.01;4 114.34;785;0.00;0.00;- 10.10;4 742.56;;
2026.07.21 17:00:49;786;GOLD;buy;in;0.01;4 054.96;786;0.00;0.00;0.00;4 742.56;Grip;
2026.07.21 17:39:00;787;GOLD;buy;in;0.01;4 063.65;787;0.00;0.00;0.00;4 742.56;Grip;
2026.07.21 17:57:22;788;GOLD;buy;in;0.01;4 070.66;788;0.00;0.00;0.00;4 742.56;Grip;
2026.07.21 21:50:00;789;GOLD;buy;in;0.01;4 081.14;789;0.00;0.00;0.00;4 742.56;Grip;
2026.07.22 03:30:13;790;GOLD;sell;out;0.01;4 100.68;790;0.00;0.00; 45.72;4 788.28;tp 4099.95;
2026.07.22 03:56:00;791;GOLD;buy;in;0.01;4 094.66;791;0.00;0.00;0.00;4 788.28;Grip;
2026.07.22 04:00:55;792;GOLD;sell;out;0.01;4 108.82;792;0.00;0.00; 45.17;4 833.45;tp 4108.67;
2026.07.22 04:08:23;793;GOLD;sell;out;0.01;4 115.69;793;0.00;0.00; 45.03;4 878.48;tp 4115.65;
2026.07.22 04:32:00;794;GOLD;buy;in;0.01;4 114.31;794;0.00;0.00;0.00;4 878.48;Grip;
2026.07.22 05:08:00;795;GOLD;buy;in;0.01;4 121.00;795;0.00;0.00;0.00;4 878.48;Grip;
2026.07.22 05:32:06;796;GOLD;sell;out;0.01;4 126.20;796;0.00;0.00; 45.06;4 923.54;tp 4126.13;
2026.07.22 05:58:00;797;GOLD;buy;in;0.01;4 127.87;797;0.00;0.00;0.00;4 923.54;Grip;
2026.07.22 06:07:25;798;GOLD;sell;out;0.01;4 139.89;798;0.00;0.00; 45.23;4 968.77;tp 4139.76;
2026.07.22 06:32:00;799;GOLD;buy;in;0.01;4 137.06;799;0.00;0.00;0.00;4 968.77;Grip;
2026.07.22 15:56:54;800;GOLD;sell;out;0.01;4 108.25;800;0.00;0.00;- 6.06;4 962.71;;
2026.07.22 15:56:54;801;GOLD;sell;out;0.01;4 108.79;801;0.00;0.00;- 12.21;4 950.50;;
2026.07.22 15:56:54;802;GOLD;sell;out;0.01;4 108.46;802;0.00;0.00;- 19.41;4 931.09;;
2026.07.22 15:56:54;803;GOLD;sell;out;0.01;4 107.20;803;0.00;0.00;- 29.86;4 901.23;;